Unnamed: 0,Age,Annual Income ($),Spending Score (1-100),Work Experience,Cluster,PCA1,PCA2
968,32,186897,49,1,2,76165.17820634626,-13.262668598683906
240,92,83000,16,1,0,-27731.82144326587,55.29258112761776
819,19,117477,48,6,0,6745.178072782423,-23.30093338088656
692,83,132005,2,0,0,21273.17821956897,55.418389006806414
420,89,122430,19,1,0,11698.178550936558,51.00747292581233
1085,87,153230,15,8,2,42498.178514210565,51.46909757078557
1998,77,182109,4,7,2,71377.17821084938,49.161935806917
365,65,120627,72,0,0,9895.178978965676,1.6372493444031306
1022,45,55472,51,1,1,-55259.82156371143,-3.1419556078994813
1240,70,153821,8,1,2,43089.17813508294,41.20554385928515
588,63,52661,25,12,1,-58070.8216098178,26.273886170313297
736,33,189630,53,5,2,78898.17830652886,-14.657090347080487
1761,32,181703,54,6,2,70971.17831684861,-16.01837490707971
941,18,185861,82,3,2,75129.17850541751,-43.2168349730954
71,47,9000,42,8,1,-101731.82160153468,3.666128620756906
1407,56,137428,87,0,2,26696.17906915018,-14.226561241442086
259,26,26000,60,6,1,-84731.8216434402,-23.846983347662498
51,33,97000,60,1,0,-13731.821604176015,-18.25034932015004
198,32,81000,18,1,1,-29731.82221161229,4.273832132438194
1788,58,51416,46,7,1,-59315.821415375714,10.463118831355924
650,36,166007,40,1,2,55275.17813599756,-4.874896624640966
332,84,137641,67,0,2,26909.17915655591,20.16443030536917
1359,64,77914,11,1,1,-32817.82188534894,34.78932750430738
593,49,83788,41,15,0,-26943.821552043475,5.651684239276161
1391,35,111871,30,10,0,1139.1780610458227,0.0174828152268506
1800,80,93253,51,4,0,-17478.821083986128,25.85724681922619
1314,83,129507,93,4,0,18775.179545594743,4.93287200803659
1111,34,92366,14,0,0,-18365.822252086055,8.120844920945235
1006,61,101007,60,0,0,-9724.821240649107,5.030314310274658
1326,18,77873,49,6,1,-32858.821917612586,-24.562533758119404
426,38,71897,32,2,1,-38834.82192303713,1.526103488657169
1558,98,128037,39,6,0,17305.178992108806,47.38151172434539
1293,47,187898,89,6,2,77166.17901284489,-22.980403553686862
590,42,149936,52,15,2,39204.17849700316,-6.484728832257686
1957,45,152560,32,9,2,41828.17820583569,7.097798271892287
1976,60,127438,82,7,0,16706.17910684088,-8.089550742184802
1132,84,133765,83,1,0,23033.1793927229,11.298860600776688
985,36,55109,53,8,1,-55622.82160125444,-11.734613709219202
398,59,130950,28,5,0,20218.178309092924,21.03072409100652
1511,1,100429,19,9,0,-10302.822552393203,-22.128312067408984
436,24,78223,41,0,1,-32508.82199766375,-15.135771711979285
192,33,96000,8,9,0,-14731.82228275502,10.611002397351044
1435,18,82812,1,6,0,-27919.82260171988,2.0567266493937133
614,39,134629,23,1,2,23897.17794081769,7.153259359856634
1493,25,111942,7,5,0,1210.1775626550516,4.458250432559492
576,15,142776,98,8,2,32044.17874087268,-54.45233290512157
986,12,67613,40,1,1,-43118.82216137789,-24.529922783926445
1432,25,136146,98,6,2,25414.178859909705,-46.11309211958663
706,88,121597,7,0,0,10865.178359431113,56.83643646085425
1258,25,163966,48,1,2,53234.17810412054,-18.458725386776635
141,32,66000,93,0,1,-44731.82114874519,-37.296204147265286
1357,72,176074,70,1,2,65342.17903903345,8.395649058491625
2,20,86000,6,1,0,-24731.822542911366,0.9336856383268124
1221,70,81197,76,0,1,-29534.820889053863,3.701947680733573
1869,37,169381,45,0,2,58649.178212052095,-6.8285765156909095
1622,40,184222,17,0,2,73490.17785023566,11.157276514517982
339,76,68292,55,8,1,-42439.82104418294,20.390776873348383
1769,87,170333,96,4,2,59601.17963250351,6.466800143876306
1536,39,70280,99,0,1,-40451.82097129128,-34.81564551050428
483,30,62330,60,1,1,-48401.82163645476,-20.636498931496035
265,7,82000,39,2,0,-28731.822237547934,-28.179655806430045
376,30,144043,78,1,2,33311.17860180713,-30.882925922301265
741,84,163818,27,2,2,53086.178596928105,42.27833275900044
1013,88,83535,56,1,0,-27196.82092734332,29.76747405619809
439,6,162858,91,0,2,52126.178456137306,-58.122606703130806
271,1,12000,82,0,1,-98731.82170536976,-56.81121324724362
184,41,39000,39,1,1,-71731.82178401478,0.2411564588890193
939,80,67781,1,4,1,-42950.82178990104,53.682442898432406
244,53,4000,20,0,1,-106731.82189491886,20.877375679481744
931,2,145597,81,1,2,34865.17827210951,-55.84631892674729
445,54,65874,87,7,1,-44857.820888268805,-15.6609012496479
596,15,58639,51,5,1,-52092.82193245173,-28.10774086871129
817,91,154456,71,0,2,43724.1793028086,23.715144053461216
1272,2,138529,87,0,2,27797.17835139035,-59.15379946283798
1676,9,165194,10,8,2,54462.17740402869,-10.684133834649485
486,60,77857,81,1,1,-32874.82094240503,-7.380705263072198
680,17,96154,100,1,0,-14577.821247400048,-53.75414730556888
415,87,110870,78,1,0,138.17936644429574,16.6414772822956
273,18,143000,99,0,2,32268.17873376739,-52.51591130955072
1471,5,124702,94,10,0,13970.178570320231,-60.49389510746116
1829,20,113767,88,6,0,3035.178656070449,-44.6530120630166
1454,7,135773,42,9,2,25041.177846884035,-30.01107379396941
250,80,20000,93,1,1,-90731.82049324537,2.7819284252684184
413,80,59099,44,1,1,-51632.82119905425,29.8480798453488
1385,39,100419,19,5,0,-10312.822078044324,9.482863281775415
1307,23,93841,25,0,0,-16890.822242042952,-7.138779970126212
715,60,186069,49,1,2,75337.17857857427,10.033749302379604
310,56,97562,15,5,0,-13169.821908452708,25.854133439784132
926,95,72068,97,0,1,-38663.82025604804,12.876088034962628
381,90,70201,8,0,1,-40530.82158852246,58.10788264452132
1565,2,119097,40,0,0,8365.177686843526,-33.01237953711822
425,68,72847,93,1,1,-37884.82066425332,-7.368212873570156
1874,18,162983,16,0,2,52251.177548329,-6.522951253205411
532,11,162287,45,3,2,51555.17789106222,-28.43470193822843
752,50,183548,85,1,2,72816.17895852201,-18.25365133794156
765,56,171560,78,0,2,60828.1789336169,-9.34043572980302
1356,96,67799,42,1,1,-42932.82101681843,44.24110279949674
408,21,187761,87,2,2,77029.1786083692,-43.502011719800095
1614,10,92734,28,1,0,-17997.82236420417,-19.61447069376116
694,74,92355,87,1,0,-18376.820674174374,0.8909975653013849
1738,10,164214,77,0,2,53482.17830977408,-47.03070273792243
548,96,186882,40,1,2,76150.17892867487,44.974389584430575
936,21,85568,1,0,0,-25163.822608321643,4.540971483074092
1389,68,75561,87,5,1,-35170.82071965127,-4.045563514950546
1607,64,156422,39,1,2,45690.17849591127,19.00410116127262
1939,76,146308,49,5,2,35576.17883044356,23.472073485753945
1481,25,165978,42,7,2,55246.17806416322,-15.132921234966007
182,46,11000,15,7,1,-99731.82200710571,17.809533877675346
1940,52,63454,38,5,1,-47277.82162685801,9.871740875028632
1160,1,108342,97,0,0,-2389.821512996874,-65.43921239178829
170,40,69000,13,3,1,-41731.82215855,13.74254501191636
292,11,38000,66,8,1,-72731.82174471041,-39.692168867117374
561,17,169496,12,11,2,58764.17756077682,-5.150747373726837
1456,27,80783,82,9,1,-29948.821306151003,-35.394515483117374
1876,69,168710,80,1,2,57978.179143079295,0.3742347505951766
1651,37,133850,85,9,0,23118.17885780465,-28.90776061990276
849,75,164598,32,8,2,53866.17859418076,32.016913488281006
272,96,1000,76,0,1,-109731.82052604012,25.58546034741664
1549,80,68341,22,13,1,-42390.82142240755,42.03212308383805
1034,97,73867,65,4,1,-36864.82065464399,32.29269758227303
1743,31,147447,23,6,2,36715.17786993249,0.4597000598166989
371,72,98168,49,1,0,-12563.821242750331,20.29471935739876
1669,96,97705,41,8,0,-13026.820984084916,44.70471708748676
721,27,99950,20,0,0,-10781.822261378273,-1.0559425841692145
733,41,118122,52,0,0,7390.178376021693,-7.223080098050437
777,94,188107,52,10,2,77375.17914138056,36.65216362596736
518,13,88960,2,13,0,-21771.822601767213,-2.6739380387718104
334,67,116126,58,10,0,5394.178883743967,11.088504826074017
845,31,76422,21,9,1,-34309.822120060984,1.7954462696520093
1251,14,161120,69,0,2,50388.17824976257,-39.25408887452737
1052,46,109346,37,1,0,-1385.821761424173,5.288140116594711
1923,2,101718,11,8,0,-9013.822660869118,-16.861787696171234
15,22,51000,79,1,1,-59731.8214699108,-37.79902047486094
707,56,103210,100,6,0,-7521.820692517649,-21.32918190880022
900,1,75518,17,7,1,-35213.82259069088,-20.940700823532172
1979,0,165321,93,8,2,54589.17846548188,-64.22796770412597
1572,96,102788,51,0,0,-7943.820904047592,39.13597267717708
903,15,174501,37,9,2,63769.17787356346,-20.70368080600741
465,76,156330,31,1,2,45598.178541542205,33.42659517001545
1977,60,125968,100,8,0,15236.17937094104,-18.07251388885787
199,30,33000,83,4,1,-77731.82127982505,-33.304909212517146
1206,31,143241,81,4,2,32509.178680889687,-31.711745618095577
1055,50,181270,56,1,2,70538.17854635816,-2.1545449303773445
1131,11,152684,24,0,2,41952.17757140784,-16.752985323178226
1379,88,131584,18,7,0,20852.178567278286,50.70430885366613
998,24,77976,95,11,1,-32755.82114512568,-45.09408189648594
727,52,172841,4,0,2,62109.17782718723,28.389928712250068
1771,99,84167,46,10,0,-26564.820854825884,44.469752979523264
1909,59,149067,78,9,2,38335.17904719067,-6.769347375628625
1821,87,174163,28,4,2,63431.17866404424,44.18743176163161
567,99,172896,13,0,2,62164.17857975006,62.49602282579699
43,31,33000,61,1,1,-77731.82160252225,-20.266739321444412
274,37,18000,57,1,1,-92731.82157643585,-13.00821288477071
1096,47,129019,57,0,0,18287.178524511168,-5.040470335358588
101,49,4000,48,1,1,-106731.8215419925,2.0131467086877297
1231,41,61355,13,1,1,-49376.82215887746,14.597702007550405
1721,92,168303,16,9,2,57571.178599223815,55.02662346076789
1832,54,56215,34,10,1,-54516.82161740115,13.780382236873294
107,54,78000,46,1,1,-32731.82152020115,7.048577668410772
1617,16,67178,17,8,1,-43553.82238191231,-8.43504348748204
497,12,84547,96,3,0,-26184.821352930056,-55.65654879809069
1980,10,86925,76,7,0,-23806.821634045467,-46.22817453087105
881,85,82854,75,6,0,-27877.820658474084,16.73322944265013
756,3,55634,53,8,1,-55097.82203985311,-39.18968077942316
619,44,75195,79,1,1,-35536.82118288045,-19.57324532132161
1106,82,171100,34,0,2,60368.17865308159,36.70627867013516
1935,15,180163,9,10,2,69431.17748153611,-5.184103554114318
809,72,75884,57,0,1,-34847.821131681805,15.925560114818698
1037,60,162612,98,1,2,51880.17928096175,-17.081856770641277
72,60,44000,49,0,1,-66731.82139799427,10.482455224527694
1283,35,97721,48,0,0,-13010.821756159205,-9.930534710600256
1271,0,61228,81,1,1,-49503.82173601109,-57.24341587160578
1334,42,94844,64,7,0,-15887.821381337895,-12.973006971333156
1458,84,143567,48,7,2,32835.178938399506,30.69193958837011
481,34,154888,43,9,2,44156.1782156922,-8.16452351337161
1068,84,152475,12,0,2,41743.17837067621,50.63665883398749
506,3,64824,30,1,1,-45907.82242265164,-26.459465326891845
1237,70,157307,23,4,2,46575.17837069693,32.87252658512398
1861,22,184443,44,3,2,73711.17801814753,-18.798722650908797
1989,47,75293,55,6,1,-35438.8214463356,-3.758014681598171
1476,20,84008,77,8,0,-26723.82147866029,-38.45416326370322
1866,8,157316,75,9,2,46584.17832504032,-47.5587410970899
1455,54,136417,45,9,2,25685.17851393964,7.422517582559717
311,12,77501,30,5,1,-33230.82227526393,-19.010382172787704
962,63,120955,79,6,0,10223.17909778838,-3.909077338026471
405,65,119889,11,17,0,9157.178241053494,35.49602081880466
1330,69,185067,49,5,2,74335.17872895402,17.52608077495793
1649,34,109263,77,0,0,-1468.8213593090622,-26.890852147287863
309,17,156488,65,1,2,45756.1782413625,-34.52363914322663
226,25,40000,77,5,1,-70731.82142552796,-34.15682083517444
1857,64,55011,53,1,1,-55720.82128269074,11.556222598876634
710,82,153632,76,9,2,42900.17932334266,13.460199046033637
1943,54,170638,64,4,2,59906.17873860165,-3.230987470986745
1383,34,55690,4,4,1,-55041.82235578707,13.787604970744113
1785,56,131911,42,7,0,21179.178483523807,10.764351304072896
148,34,51000,22,7,1,-59731.82207569555,3.81575767186532
1554,3,136316,88,0,2,25584.178379391557,-58.86977453017977
1956,59,101698,87,9,0,-9033.82081438067,-11.613622021587249
925,14,149618,78,4,2,38886.17841092005,-44.20989208585858
942,43,162595,17,3,2,51863.177917758905,13.72282094492077
836,63,85351,57,0,0,-25380.821253339047,8.408335826763956
575,32,149900,34,6,2,39168.178039210354,-4.819959769120098
557,40,185321,96,0,2,74589.17897414381,-32.682764627442495
1235,64,135742,67,1,2,25010.178898867016,3.5324733424587613
1360,8,57605,81,0,1,-53126.82163656303,-50.57705739731247
1347,96,99263,100,8,0,-11468.82014487173,11.961089676174378
1161,20,155951,21,7,2,45219.17770109518,-7.608068264436617
1442,55,123045,56,7,0,12313.178671391885,2.191955680617795
286,85,140000,84,1,2,29268.17941887621,11.55617584745858
1604,30,173096,92,0,2,62364.17878702501,-38.743754676207
1057,72,112146,21,8,0,1414.1784092644666,35.79081019018533
598,22,64707,29,7,1,-46024.82213853427,-10.094889062664508
932,51,162072,86,1,2,51340.17899073663,-17.908723389071042
1461,75,77269,24,8,1,-33462.82150055548,36.732163884064185
1637,73,172011,9,1,2,61279.1781851961,43.08890434631423
1587,19,181795,59,3,2,71063.1781923105,-29.609513570388906
1040,1,111424,80,8,0,692.1783055717533,-56.0120301921988
1230,89,69719,47,9,1,-41012.82097795332,35.64085740870261
806,92,80808,26,1,1,-29923.82130048913,49.75057901593108
904,47,157661,57,6,2,46929.178564107366,-5.128220613029804
1679,58,95172,77,1,0,-15559.821029686049,-6.879719243955712
1204,54,117181,66,12,0,6449.178839902015,-4.168019980185717
767,0,143910,22,1,2,33178.17740634977,-24.76612652215945
609,23,73759,83,0,1,-36972.82141232613,-39.259095857806216
1992,94,181183,24,9,2,70451.17873681916,52.21059819490301
1564,6,169299,46,1,2,58567.1778220342,-33.17230719086295
1422,73,154837,42,8,2,44105.17871203832,24.83499910467848
1010,14,164659,59,1,2,53927.178114334674,-33.71587786136685
493,14,66760,20,0,1,-43971.82242685463,-11.765985752184662
1320,97,128723,58,4,0,17991.179233749164,36.00351440233884
277,93,95000,21,1,0,-15731.821361454611,53.3120964301556
1846,71,60209,46,1,1,-50522.821290424086,21.24749103923844
358,72,67353,19,9,1,-43378.82160175382,37.04268448053048
1110,69,143928,30,9,2,33196.178498161666,28.200990523215907
236,91,9000,96,1,1,-101731.82030198885,10.303162655740865
551,81,89211,12,1,0,-21520.821647704608,48.34138132343077
1867,52,125508,15,1,0,14776.178001711,22.436221408115337
1812,68,91609,43,8,0,-19122.821326338963,20.32040401259064
208,48,15000,7,0,1,-95731.82214874832,23.896602496604984
1386,82,62951,47,8,1,-47780.8210771282,29.83833784264881
1560,88,92247,47,0,0,-18484.82106495998,34.733501257095746
58,27,57000,51,1,1,-53731.82180321865,-18.121372366525115
631,16,93854,82,0,0,-16877.821523962994,-44.59118613889335
1961,52,106530,46,7,0,-4201.821507155211,5.297338635830659
1859,66,153660,24,0,2,42928.17830200074,28.99960756504733
1816,29,165254,7,9,2,54522.177634717664,7.6192524662331635
363,37,148544,56,1,2,37812.1783807803,-12.866055107660433
505,20,111896,90,1,0,1164.178646721557,-45.75922136759543
1165,19,189498,18,4,2,78766.17761485025,-6.882777056721641
1121,85,68212,26,7,1,-42519.82134488459,43.969759174841535
1629,99,162762,52,1,2,52030.17914456959,40.88769410500007
1216,78,59784,81,3,1,-50947.82068399185,7.651956434923747
1151,90,187339,62,0,2,76607.1791542611,27.773297045525787
1124,41,69730,97,1,1,-41001.82096541213,-32.039809590228984
1594,28,69025,79,0,1,-41706.82140177261,-32.86494843147611
118,51,84000,43,2,0,-26731.82159642137,6.198990824508126
1249,96,85447,4,9,0,-25284.82150026015,65.27499046825835
1993,64,175254,100,9,2,64522.17942095373,-14.900185984474316
522,20,119952,2,8,0,9220.177446247966,3.0491875981795857
513,97,183783,70,9,2,73051.17943068015,29.173052832502577
81,38,61000,55,6,1,-49731.82156279578,-11.200117977844544
915,91,62808,20,0,1,-47923.82140286125,52.30445925272984
1018,25,106669,22,1,0,-4062.822253319726,-3.8503474627145735
380,8,175407,2,5,2,64675.17725173902,-7.110602268486855
1029,38,101846,17,3,0,-8885.82213539032,9.755281349469245
1688,36,62617,10,9,1,-48114.822207131474,12.102525820902043
84,21,24000,57,1,1,-86731.82179034647,-26.337925716950597
1677,0,126060,92,1,0,15328.178406335122,-63.55221818925778
329,78,98922,2,2,0,-11809.82182434466,51.3643142931141
6,35,31000,6,1,1,-79731.82233157029,13.586398277524845
745,89,100938,27,0,0,-9793.821338168156,46.63580965017199
1553,10,116521,47,0,0,5789.17789331419,-30.233116390048917
914,76,111717,41,1,0,985.1786935978016,28.018713748291013
873,34,94029,98,1,0,-16702.82104950909,-38.4949779743088
451,74,128266,55,7,0,17534.17890848055,18.53684908692508
490,59,130511,97,3,0,19779.17927575318,-17.25645726462602
1480,97,170133,42,5,2,59401.17900465938,44.75134974848997
287,73,31000,47,1,1,-79731.82124323063,22.44878951898073
948,65,114244,64,0,0,3512.1788665240165,6.096576179457351
1985,27,74050,44,8,1,-36681.821853051486,-14.287752325028364
1368,31,138644,94,4,2,27912.178866881677,-38.91082368226613
1146,1,71564,68,1,1,-39167.82190997098,-49.230561131851445
705,38,130597,2,6,0,19865.177667805547,17.98918218579291
1726,64,64756,17,10,1,-45975.821728300834,31.505778011565116
1701,55,103933,31,6,0,-6798.821687814445,16.124244796348247
1628,45,88707,81,0,0,-22024.821151732627,-19.89429836046236
1599,8,144830,43,0,2,34098.17780362841,-29.766889637933318
1538,83,102083,24,1,0,-8648.821453188604,43.30580836450389
1405,1,90341,92,0,0,-20390.82158020814,-62.60783315494475
1650,82,150012,83,3,2,39280.17937788143,9.58458559355197
327,52,152755,39,4,2,42023.17836019525,9.03404076125609
442,95,66322,88,0,1,-44409.82038285877,17.888294140513064
774,83,156839,38,3,2,46107.17874933779,35.36511848149475
1087,44,90167,84,0,0,-20564.821122650173,-22.3955155510438
1220,68,170957,6,1,2,60225.17807630054,40.59730932200391
1635,34,93866,43,9,0,-16865.82177096035,-7.971592824729763
177,27,45000,69,2,1,-65731.82153681523,-28.071043255464925
1322,99,144176,74,7,2,33444.179507550085,28.741611182048665
704,5,57265,89,7,1,-53466.82150900836,-57.50761911446928
86,55,11000,58,0,1,-99731.82132914552,1.433143564655376
1883,11,114071,37,0,0,3339.1777648401912,-23.84451643207295
1947,20,148776,21,8,2,38044.17771030811,-7.584915714301532
457,21,153885,86,6,2,43153.17863212331,-42.8381435313653
1828,10,154623,21,6,2,43891.177560868266,-15.923551540381604
54,50,18000,45,1,1,-92731.82157445652,4.465484668067258
1501,34,171353,34,8,2,60621.17807637973,-3.223008646206708
643,67,160945,51,0,2,50213.178697897325,14.826378659815544
677,14,74174,79,1,1,-36557.82158127878,-44.527660177514086
221,95,72000,51,4,1,-38731.8208800266,38.40326298912469
113,19,2000,46,1,1,-108731.82196863616,-21.82838639125373
982,47,133236,61,1,0,22504.178588151204,-7.272908378395586
1228,27,183201,52,8,2,72469.1782369116,-19.071996419601213
999,97,66312,75,0,1,-44419.82054126827,26.76578082324334
174,52,20000,13,0,1,-90731.82201131406,23.87912044878354
781,19,58217,70,0,1,-52514.82164706262,-35.32403088628749
589,46,148520,14,11,2,37788.1779791587,17.93150654792885
1559,84,97081,75,1,0,-13650.820713090958,15.853988831991916
18,52,20000,29,1,1,-90731.82177599487,15.001296158153636
423,33,112587,71,1,0,1855.178548941636,-24.403455794300225
1343,82,157994,92,1,2,47262.17948891604,4.56437471158517
285,86,59000,40,0,1,-51731.82118387069,37.05902676291809
1583,0,120899,7,2,0,10167.177205580592,-16.36950725873074
428,90,89251,4,1,0,-21480.82164196469,60.26769370243894
1509,84,136254,90,5,2,25522.179522360704,7.408609126867748
1318,77,66256,13,1,1,-44475.82168160344,44.5313782128564
669,23,144916,84,1,2,34184.178593982826,-40.03849554121933
31,21,34000,73,1,1,-76731.82156485811,-35.247834241295486
940,51,70152,29,0,1,-40579.82180789561,14.01034360596437
722,11,83220,21,7,0,-27511.822402582737,-14.865410596066097
994,85,118161,74,0,0,7429.179273712318,17.173688105574644
214,48,95000,68,2,0,-15731.821282946374,-10.20388286786424
813,41,81718,36,1,0,-29013.821836047733,1.7707764962731112
326,63,64589,90,7,1,-46142.82072571206,-9.834225386310829
560,69,123925,52,1,0,13193.178754442808,16.052840504120105
1112,74,175041,25,4,2,64309.17844842695,35.03435697187324
700,41,172882,27,8,2,62150.17806944891,6.479859917006323
1578,83,150682,25,1,2,39950.17855041099,42.597261705427
1189,20,141428,32,1,2,30696.17781493772,-13.668783147111942
341,75,142034,82,1,2,31302.179257098003,4.34031722547271
629,37,149095,83,1,2,38363.178764862445,-27.84991483886114
147,32,38000,74,1,1,-72731.82140534204,-26.66423838622632
1309,79,146130,20,6,2,35398.178465326055,42.06077235728131
360,90,164914,18,8,2,54182.178594206285,52.263241310978
83,46,34000,44,8,1,-76731.8215918309,1.6453792496873731
48,29,78000,42,0,1,-32731.821916948305,-11.53035275736244
468,47,143906,12,4,2,33174.17791149119,19.884528778261966
155,27,10000,89,8,1,-100731.82119870394,-39.055444232411
772,91,50250,54,0,1,-60481.820916303644,33.47779296892864
1239,3,167226,59,3,2,56494.17798289898,-42.87419426113334
1200,1,79800,47,0,1,-30931.822218240268,-37.60431002281557
1402,84,182374,62,0,2,71642.17907562279,22.797466095238526
1202,32,110846,49,0,0,114.17821533750976,-13.022689008068006
1630,59,154821,77,0,2,44089.17896291069,-6.2368552006687965
500,38,96794,96,6,0,-13937.820987206183,-34.06390947070811
1764,63,176783,40,9,2,66051.17855354818,17.556653205171415
179,35,42000,90,8,1,-68731.82108517451,-33.05613908955611
1047,78,64057,44,0,1,-46674.82123435701,28.168093830193563
1755,81,141471,45,8,2,30739.17886395016,29.86794952686143
950,81,128834,23,5,0,18102.17853072968,42.11415185857487
1316,33,109396,17,1,0,-1335.8222187657375,5.570868371463469
1619,41,186470,21,0,2,75738.17791995025,9.762517551520762
528,13,150258,17,0,2,39526.17749890516,-11.1972195544388
346,58,57180,22,9,1,-53551.82174286293,23.763268262488594
1387,39,118554,1,4,0,7822.177654210362,19.41313739947178
1960,70,108544,49,4,0,-2187.8212486640987,18.5994740984018
1050,46,149764,1,0,2,39032.17770982138,25.13604144967109
1972,98,104249,12,5,0,-6482.821394534214,62.438371245599406
1441,16,75831,5,10,1,-34900.82253927468,-1.8027470450108856
601,61,126370,20,11,0,15638.178268692776,27.15099924547971
1281,36,50526,19,0,1,-60205.82214521091,7.142505315352658
243,77,47000,58,0,1,-63731.82104469729,19.62159534663333
1336,14,94655,9,8,0,-16076.822528335004,-5.74661324966474
1067,30,78821,46,1,1,-31910.82183927805,-12.920132379859025
1475,62,113306,4,5,0,2574.178011300901,36.89971059191436
312,24,118302,100,5,0,7570.178871341282,-47.99885107407143
435,7,106581,76,1,0,-4150.821724068141,-48.78889029755748
1898,46,126228,95,8,0,15496.179113712087,-26.9457697111658
1328,50,168898,41,9,2,58166.17839676654,6.211711037303999
308,26,112766,83,8,0,2034.1786801521373,-36.88291711942304
430,1,111558,85,7,0,826.1783690475859,-58.78738774193561
660,49,81084,48,6,1,-29647.82152063561,1.7717717441408656
370,52,88046,61,8,0,-22685.82128202273,-2.967152323513135
566,19,180331,14,17,2,69599.17765930225,-4.62814164166296
979,67,177512,62,2,2,66780.17886608769,8.671109070261185
181,32,61000,86,7,1,-49731.82119375501,-33.39286954897668
1362,3,93883,39,1,0,-16848.822300940185,-31.54537916316739
621,77,73884,30,1,1,-36847.82144136656,35.074075894479414
818,65,56647,12,6,1,-54084.82181496247,35.13593294003122
1192,84,172523,83,6,2,61791.17942246291,11.178659337073563
952,32,130118,36,0,0,19386.178026135636,-5.870008273644423
1421,20,124852,39,5,0,14120.177948745591,-17.498757613073636
1840,43,73915,47,11,1,-36816.82157480398,-2.6398593921884803
922,14,153842,3,1,2,43110.1773198359,-2.607656399261632
1073,47,162332,72,1,2,51600.17873831399,-13.468725689176212
296,79,31000,91,3,1,-79731.8205221112,3.0259505605277752
966,26,69988,2,5,1,-40743.822486029545,8.197282291484033
461,96,135800,29,0,2,25068.178775677603,51.23925145122611
1302,52,80605,20,1,1,-30126.821917318663,19.80372310008972
1176,57,50429,23,0,1,-60302.82180923561,22.39358904608315
377,46,72594,64,1,1,-38137.82136918268,-9.577780289798437
798,75,91456,13,1,0,-19275.821713690268,42.78786157307152
1102,86,159964,57,5,2,49232.17907416829,27.30896621573204
105,21,82000,42,1,0,-28731.82201647882,-18.197903176685703
126,43,89000,35,0,0,-21731.821832939007,3.966021755917754
1995,71,184387,40,8,2,73655.17865054053,24.18751574617211
838,44,70787,68,1,1,-39944.82133844329,-13.455483020884634
355,22,172923,20,6,2,62191.17770208439,-5.443459469885534
1616,39,62935,60,0,1,-47796.8215246441,-13.151586516525402
682,42,59954,37,4,1,-50777.82178083959,2.118017966633296
812,59,187253,51,8,2,76521.17864699199,8.09157155865855
1680,55,95975,49,0,0,-14756.821475799792,6.158520903461405
209,80,39000,33,9,1,-71731.82129003681,36.01919295733214
1492,21,85339,6,4,0,-25392.82250654884,1.7690998885119136
140,57,32000,5,0,1,-78731.82206133971,32.43993367806679
1974,14,153145,59,8,2,42413.1781703578,-33.6762009495582
1339,45,125677,36,5,0,14945.178238060676,4.961349516326564
1797,50,112957,71,5,0,2225.1788053203927,-10.26009067398996
1574,87,71318,22,1,1,-39413.82142176923,47.84054898428354
1181,92,163442,32,1,2,52710.17876681456,46.15995909717163
1393,47,121267,58,1,0,10535.178548080015,-5.570386755193981
1815,33,149609,44,9,2,38877.178217789246,-9.534647798172728
711,31,65520,71,1,1,-45211.82146733811,-25.91848890230837
1793,22,101474,14,10,0,-9257.82233709174,-1.886332076102452
892,52,130573,31,8,0,19841.178281783403,13.545189248226077
859,94,144192,34,0,2,33460.17881841588,46.774409724591685
10,67,7000,14,1,1,-103731.82178728646,35.844617864086835
1694,15,134748,76,1,2,24016.178376069933,-42.22257327337374
1427,37,62893,29,1,1,-47838.82198468777,2.386861711204091
282,52,43000,58,1,1,-67731.82136836357,-1.1633261245054047
810,89,157759,52,1,2,47027.17901279,32.58429757652479
1341,38,76103,62,9,1,-34628.82144356062,-15.13071825923056
291,10,68000,80,6,1,-42731.82158063058,-48.38838079602672
754,17,63557,3,1,1,-47174.822620553736,0.1735581755277433
626,91,82535,50,0,0,-28196.820980284305,35.59529182981057
943,29,80098,54,10,1,-30633.821670215257,-18.191028327910917
861,93,73642,50,0,1,-37089.82095176436,37.28725131414853
129,38,64000,75,8,1,-46731.82126357036,-22.3065325738418
1175,61,52543,23,0,1,-58188.82175654845,25.71459102246164
323,13,95469,94,6,0,-15262.82134756056,-53.74796953824955
1090,7,172913,94,3,2,62181.17853284511,-58.98575251879311
843,67,184628,38,12,2,73896.17859945289,21.970725177275654
963,97,168898,54,8,2,58166.1791986168,38.09793840103938
1864,9,151902,18,0,2,41170.17745962573,-15.084996287803316
865,90,58289,49,5,1,-52442.82096428046,35.397259477000034
921,52,189091,12,0,2,78359.17793747067,23.8994057986532
695,42,60982,3,0,1,-49749.82229544929,20.97926754738788
215,46,66000,70,3,1,-44731.82126707496,-12.8853564877226
1780,68,176884,94,10,2,66152.1793960119,-8.247826631511167
1261,24,188034,61,1,2,77302.17827055519,-26.58035380507369
158,34,66000,1,1,1,-44731.82242366193,15.418285053480552
1058,8,104953,57,1,0,-5778.821980789493,-37.40885000314713
988,24,154787,84,3,2,44055.17862039816,-39.23684752675436
841,62,185388,54,0,2,74656.17866880313,8.924811364429065
634,33,129257,70,6,0,18525.178569283235,-23.898929111629805
516,85,131742,87,1,0,21010.179463371693,9.917605078689109
1428,78,163514,89,9,2,52782.17945301806,2.8876576158770053
1747,64,92812,97,5,0,-17919.820634276868,-12.976723462460718
597,91,97879,40,15,0,-12852.82101128502,41.10272663680468
195,35,46000,79,1,1,-64731.821296081085,-26.96823359147673
1783,86,90228,68,7,0,-20503.820738764203,21.42655718830048
869,43,113575,6,1,0,2843.1777566670644,19.980695818446385
410,83,102647,83,0,0,-8084.820621401494,10.564855986477411
96,47,2000,47,0,1,-108731.82159000306,0.9100527558125648
1000,92,81839,11,0,0,-28892.82152180409,58.07025039068025
1505,63,88720,100,10,0,-22011.82056576242,-15.458048855001628
156,37,16000,1,1,1,-94731.8223728632,18.072132239591472
419,62,172758,69,1,2,62026.17889265515,0.6418120597129455
1802,89,114858,53,10,0,4126.179105195246,32.16925150773944
477,82,188719,30,0,2,77987.17859230883,38.8701464058429
1855,35,69419,68,9,1,-41312.821396582425,-20.934709508176745
668,15,157278,58,0,2,46546.17810736332,-32.306194642167185
1417,1,138656,27,3,2,27924.177507222048,-26.691124664797087
1871,63,81199,80,1,1,-29532.820917503588,-4.34061398631608
1299,81,50798,56,10,1,-59933.82094440274,24.05173613097414
447,58,67097,91,6,1,-43634.82078611138,-14.5571228770729
553,31,139592,62,1,2,28860.17838839244,-21.15864000737075
178,59,86000,14,4,0,-24731.8218879348,28.94087841127625
390,7,136231,10,7,2,25499.177376145497,-12.256873252029814
578,37,146195,89,4,2,35463.17887380571,-31.168702546413066
1477,85,85758,35,10,0,-24973.821197724334,38.92164847003246
1706,69,171118,91,9,2,60386.179360227776,-5.733462996664482
1287,54,179546,4,8,2,68814.1779134436,30.03631389396384
1644,2,52727,60,1,1,-58004.82200640117,-43.89993757895883
1023,55,99423,82,0,0,-11308.82100697294,-12.163857630176192
820,78,79677,9,10,1,-31054.821659378897,47.5446489107835
1824,32,185218,83,4,2,74486.17871345484,-32.1223275948138
984,40,164350,23,0,2,53618.177939960646,7.890745500906203
1338,16,79257,82,6,1,-31474.82147490905,-44.54222949043652
664,26,79526,6,9,1,-31205.82240062281,5.949424030750961
142,28,62000,40,5,1,-48731.821916977846,-11.199562894671296
1516,87,95853,53,9,0,-14878.820924866057,30.565028300947155
1429,29,145934,40,10,2,35202.1781161681,-10.63067378556616
864,79,167411,9,12,2,56679.17835000533,48.100120755838745
421,56,183540,96,0,2,72808.17918713161,-19.36639082996124
636,43,77600,66,0,1,-33131.821389323886,-13.199625987992802
1406,67,118348,94,1,0,7616.179326736499,-8.898886146756334
799,11,166247,84,1,2,55515.17842986839,-50.08899402954307
1403,58,119366,94,4,0,8634.179229857895,-16.387994623163667
615,72,101858,70,8,0,-8873.820891228534,8.633568244221497
294,73,80000,73,2,1,-30731.82087633203,7.867111525222484
923,30,106314,16,0,0,-4417.822279827029,3.6392739021437617
1268,7,66686,50,8,1,-44045.82203181015,-34.23225796165019
1902,88,138482,59,8,2,27750.179156831877,27.93234428227896
88,34,76000,60,7,1,-34731.821540434146,-17.349227145834302
41,24,85000,92,0,0,-25731.821273429945,-43.45675384324419
1801,20,189650,60,8,2,78918.17825632708,-29.354981936156797
1933,87,128153,42,7,0,17421.178896254845,36.56579715368756
131,39,26000,75,0,1,-84731.82130311933,-21.35820938054632
1001,80,55712,5,5,1,-55019.82172269873,51.50149561602636
1157,55,65257,93,2,1,-45474.82082768569,-18.158726829267
1094,34,176554,62,1,2,65822.17842016986,-18.77973691594162
1854,84,56809,96,1,1,-53922.820405457904,4.32855694091009
1344,73,93786,44,3,0,-16945.821284366073,23.915896714881605
1498,5,156655,20,4,2,45923.17746447006,-19.53562524348963
164,50,47000,26,0,1,-63731.821858808114,14.916300619213704
724,71,64310,43,2,1,-46421.82132636677,22.899672474587533
290,9,27000,62,7,1,-83731.82183344157,-39.10212815910907
1208,7,165287,65,1,2,54555.17810656398,-42.87067287409833
1588,48,186445,41,0,2,75713.178297562,4.488181673421831
1896,65,72313,36,1,1,-38418.82151509322,21.766626215994208
1641,15,188696,87,8,2,77964.17857430148,-48.49369052369686
1361,52,86365,70,1,0,-24366.82120709213,-7.959150378505118
778,19,82333,35,1,0,-28398.822142734527,-15.978546143292885
839,90,75473,63,0,1,-35258.82080704054,27.572085822077263
348,24,151085,39,2,2,40353.177973226615,-14.255414627704385
1944,19,129635,100,6,0,18903.178810068974,-52.19382163991632
571,47,112247,24,4,0,1515.1780891727683,13.325904746881406
917,4,96543,60,9,0,-14188.821928262189,-42.37088468373496
976,56,103838,17,1,0,-6893.821911940075,24.72263376292928
1913,9,71076,2,8,1,-39655.82268922258,-5.94741894335337
1468,49,85374,45,8,0,-25357.821548976102,3.4238232808170856
1591,91,82992,5,1,0,-27739.821613078515,60.56451070297832
1317,12,149031,96,10,2,38299.17868646988,-55.85715156370008
1844,43,133740,37,5,0,23008.17822395201,2.7171209614679395
136,44,76000,7,5,1,-34731.822177022914,20.378393916603983
458,84,53500,44,3,1,-57231.82112939297,33.19440299848601
375,22,159296,83,8,2,48564.178616825,-40.35771478290282
1342,45,114741,96,0,0,4009.1790560188383,-28.300007661064974
333,0,173743,96,0,2,63011.17844518073,-65.92301616410924
1159,64,163783,84,3,2,53051.179149926,-5.9884325893784585
1760,95,177134,78,10,2,66402.17952704107,23.09155351733529
1457,28,182580,60,6,2,71848.17834888559,-22.678192881738106
816,85,150765,42,8,2,40033.17887237764,34.8309305392303
1114,56,119296,49,0,0,8564.178532386562,6.916709309770166
1005,8,129743,6,0,0,19011.17728042847,-9.188139581621249
1856,78,70689,54,1,1,-40042.82108586683,22.5986609038296
1954,48,131656,45,9,0,20924.178435256705,2.446041654059954
1850,40,187234,14,0,2,76502.17780688766,12.812433340653882
910,21,69644,19,5,1,-41087.82231048585,-5.394422441564617
1929,58,87602,25,5,0,-23129.821737402075,22.000533947292965
1125,25,156793,57,2,2,46061.1782414006,-23.42961837918916
328,37,92313,58,1,0,-18418.82157846072,-13.79805841520115
1247,87,100850,83,0,0,-9881.820567858886,13.898223206919994
318,66,182937,44,8,2,72205.17864133968,17.812920012322753
1689,51,96028,37,0,0,-14703.82169971768,9.48938657337982
1358,48,167517,27,2,2,56785.178117773,12.31746629571666
1732,21,161663,36,1,2,50931.177880717965,-15.120410850835473
167,33,83000,95,0,0,-27731.821110716788,-37.627817394505485
12,58,80000,15,0,1,-30731.82191625415,27.57116306313993
1926,3,74607,69,6,1,-36124.82183161448,-48.1288941694863
171,28,4000,75,0,1,-106731.82144446851,-30.43978863991773
649,49,170188,80,1,2,59456.17887700824,-16.268866785729415
1061,82,99983,88,0,0,-10748.820562957551,6.966890979931076
260,63,47000,16,2,1,-63731.8218130823,31.281146988231185
1366,53,150925,1,1,2,40193.17781022267,30.956288431594828
1548,79,119435,55,0,0,8703.178923344472,22.721103256666797
901,53,160980,62,4,2,50248.17869896733,-2.9225871160805923
672,65,58318,45,1,1,-52413.821383964525,16.81683439913439
258,79,64000,64,2,1,-46731.82092117554,17.90326585270713
844,38,176551,45,8,2,65819.17828491933,-6.0155829351997765
867,82,146118,52,8,2,35386.178975829214,26.80092600680764
1799,76,82315,53,6,0,-28416.82109099672,21.45529212837557
138,19,22000,10,8,1,-88731.82243177638,-1.912189089716927
893,85,152303,68,1,2,41571.17918850953,20.39556991556181
1837,90,60998,35,1,1,-49733.82119466329,43.15532937919111
549,35,99300,88,5,0,-11431.821149097856,-32.12891855832838
319,27,68272,56,8,1,-42459.82168103091,-20.92820322463251
1526,13,129659,59,6,0,18927.17814692052,-34.43480299165486
1805,5,126263,55,6,0,15531.177984445312,-38.85986445746307
1177,95,178228,45,1,2,67496.17898842905,41.39536290873153
558,17,186577,5,8,2,75845.17743450202,-1.321901890335793
139,35,15000,72,4,1,-95731.82136597794,-22.984566506358185
1734,91,54754,4,0,1,-55977.82162877524,61.20821519079279
531,93,152571,66,14,2,41839.17936565634,28.16596003750669
224,40,83000,48,4,0,-27731.82165592823,-5.722514174419948
723,83,73410,50,8,1,-37321.82102343935,28.97251175317993
786,53,112530,24,2,0,1798.1781535481423,18.315603270134897
1717,94,131521,62,0,0,20789.17921961984,31.27746018762155
1007,83,87529,49,9,0,-23202.82103311381,29.48323320648018
409,37,102717,93,7,0,-8014.821036834779,-33.24941000635792
325,16,133551,7,3,0,22819.17742305493,-3.098298015112521
1765,75,59741,67,10,1,-50990.82086955618,12.92810713015816
299,32,32000,86,5,1,-78731.82120269883,-33.30211677909142
1262,46,127911,3,9,0,17179.177811852467,24.09955555873276
1945,29,133587,74,5,0,22855.178564462,-29.46034545254052
25,29,52000,82,1,1,-58731.82133442862,-33.643411860429595
1858,98,87955,79,0,0,-22776.820475795976,25.309701505190432
714,54,132345,10,0,0,21613.177947998163,26.85244659185267
1009,69,61637,67,0,1,-49094.82102613042,7.925907498278185
193,38,45000,91,10,1,-65731.82101645177,-31.12381770961717
440,0,57373,29,0,1,-53358.822482757285,-28.37724651282726
573,64,59088,31,1,1,-51643.82159663654,23.75098394438926
946,9,146011,69,9,2,35279.1782554221,-43.36171764469578
997,31,171825,22,10,2,61093.1778809446,0.9393890286889928
503,5,144831,17,1,2,34099.17740143661,-17.83496502469736
605,3,155864,31,13,2,45132.177663386974,-27.296584053036263
1716,65,186673,51,1,2,75941.17867333855,13.0816603193282
1163,83,124104,20,4,0,13372.178508006356,45.45716144612969
1786,14,140107,63,6,2,29375.178214841493,-35.85548754946811
846,2,164248,51,9,2,53516.17790228626,-39.25474837351426
3,23,59000,77,0,1,-51731.82149447624,-35.88307346930742
1286,18,62651,13,0,1,-48080.8224724144,-4.541056052597955
1222,21,104888,8,0,0,-5843.822512939441,0.5956355262920532
467,70,111760,53,12,0,1028.1788686995133,16.373474457624567
321,5,69078,60,13,1,-41653.82187839325,-41.450257700409466
5,22,58000,76,0,1,-52731.82152177462,-36.15693999511882
222,43,33000,55,4,1,-77731.8215055214,-6.952919714378207
1374,11,147258,59,10,2,36526.17814707034,-36.15241725102419
547,25,156016,85,2,2,45284.17864000297,-38.96417267527414
228,0,33000,64,1,1,-77731.82197174212,-47.7209834003983
39,20,69000,75,8,1,-41731.82150383703,-37.29692660871149
542,56,100271,87,1,0,-10460.82091507886,-14.1086158640175
242,84,40000,14,1,1,-70731.821568619,49.8829474682925
898,73,74350,39,10,1,-36381.8212977588,26.7550865135154
1133,99,57677,99,0,1,-53054.820171291256,15.139486681890508
1448,41,181355,73,10,2,70623.17873745013,-19.07108284381576
1868,62,186157,54,1,2,75425.17867627845,8.922847704171652
842,5,168110,69,14,2,57378.17823565641,-46.756934570558
1418,64,146794,90,8,2,36062.17927723803,-9.261740389373264
1653,52,133214,1,9,0,22482.177861957403,30.184104361810967
1969,31,67894,42,9,1,-42837.82181937136,-9.830349289946854
661,53,148759,52,7,2,38027.17858227372,2.6663869349952964
1210,92,96424,74,8,0,-14307.820567373245,23.06960431289064
314,12,53927,77,2,1,-56804.821624240845,-45.01723480268436
691,89,113834,22,0,0,3102.178587862436,49.36950314274349
1503,85,97822,38,5,0,-12909.821195891534,37.2164882159746
424,58,155672,71,7,2,44940.17891756341,-3.738834139657204
594,96,184771,77,8,2,74039.17950914125,24.45328730345572
1963,88,146970,90,7,2,36238.17958845335,10.703349831294783
622,56,91180,61,1,0,-19551.821283063317,0.3473511791054058
1170,10,180774,66,1,2,70042.17815726838,-40.97876642575369
1043,65,115299,87,6,0,4567.179239438134,-6.666498112975523
227,76,89000,86,9,0,-21731.820599947343,3.124082272114657
1117,95,168663,16,11,2,57931.17865429429,57.522184864155726
1331,23,132183,76,10,0,21451.178551721798,-35.55488328643261
1315,94,114510,39,0,0,3778.17889605691,44.093787821603314
66,43,3000,50,0,1,-107731.82160068216,-4.08547436302414
24,54,67000,14,1,1,-43731.821973146405,24.83993979596104
144,25,71000,12,0,1,-39731.8223954586,1.810890524219248
536,89,74820,33,1,1,-35911.821239433426,43.38949400650212
811,37,184813,44,0,2,74081.1781944469,-6.322473973890185
1466,5,60575,14,5,1,-50156.822592249046,-15.902026017876654
85,48,31000,46,7,1,-79731.82154378398,2.208452936161056
1660,8,100099,74,1,0,-10632.821737822393,-46.826688507561485
1645,75,126469,86,1,0,15737.179317421467,2.1699554444293376
1804,75,135159,12,7,2,24427.178308381877,43.20738681228356
1817,43,50418,49,5,1,-60313.82158706611,-3.6781623375979855
1576,16,189689,37,8,2,78957.17787588525,-19.9202462906333
1144,26,64398,7,1,1,-46333.82244423227,5.438619107578766
362,39,182352,73,4,2,71620.17866479617,-20.74088380536703
1611,68,89765,28,0,0,-20966.821600529714,28.645891571117453
1865,24,51604,4,0,1,-59127.8225183413,5.479438583286239
1026,92,57032,75,1,1,-53699.82059803187,22.6359815117817
1030,15,114061,87,2,0,3329.1785447653965,-48.26052611402893
1303,40,171949,11,1,2,61217.177775185264,14.52590667613752
1355,64,89972,92,10,0,-20759.82066658672,-10.190939847750352
1730,65,92135,49,6,0,-18596.82129622485,14.492681900811633
665,28,101414,64,8,0,-9317.821561154897,-24.640211433253285
364,46,62833,85,1,1,-47898.82106822334,-21.19967752520118
77,40,99000,48,4,0,-11731.821659427937,-5.773100700890232
27,35,78000,61,1,1,-32731.821559215605,-17.081328205953703
1436,74,51260,43,5,1,-59471.82126071959,25.438099365144343
525,66,134677,59,15,2,23945.178918846213,9.64537650676656
1834,90,62504,99,10,1,-48227.82021549838,7.641609033222824
55,47,95000,41,14,0,-15731.8215887142,3.9519252155868503
638,59,189672,8,0,2,78940.1779734364,31.940591873815656
302,31,145015,73,6,2,34283.178581950895,-27.27727311722535
718,15,50550,34,9,1,-60181.82214201373,-18.64711040735611
624,97,96400,4,1,0,-14331.821550516674,66.0685410221601
7,23,84000,94,1,0,-26731.821250395617,-45.39483245412845
803,44,175424,32,4,2,64692.178149329615,6.191250421913814
1049,6,93186,83,1,0,-17545.821634817505,-53.46271404629441
336,39,69384,75,1,1,-41347.821304965255,-21.494907092399423
47,27,71000,47,12,1,-39731.82177912108,-15.940918389479632
1763,1,140648,36,9,2,29916.177680715016,-31.688655978548034
106,66,43000,50,3,1,-67731.82128089093,14.923655181646552
349,88,166107,98,13,2,55375.17974396641,6.206505139354338
1079,91,94846,95,0,0,-15885.820342639316,10.586172563190615
238,55,37000,74,1,1,-73731.82109951336,-7.526883831488739
213,49,50000,82,8,1,-60731.82101473874,-16.99538635598143
1775,75,172309,82,4,2,61577.17927340645,4.246000996430425
1138,62,144242,49,1,2,33510.17861429794,11.829834828140823
793,56,132860,17,7,0,22128.178127572988,24.6336820552544
1586,13,167619,4,7,2,56887.1773636259,-4.035223309062456
1582,33,109223,43,1,0,-1508.8218487549457,-8.85580907283315
1671,24,119238,55,1,0,8506.178200224691,-23.03348490839523
523,98,167197,63,1,2,56465.17928683915,33.937925009502585
232,67,18000,88,0,1,-92731.82074433612,-5.252728274549544
644,85,119557,35,0,0,8825.178718447554,38.810111047811226
1507,76,139447,36,8,2,28715.17866988838,30.708780790206227
533,68,171761,59,1,2,61029.178830300254,11.185425280239311
1941,96,110519,6,9,0,-212.8214772847277,64.08593488811681
603,91,69720,78,17,1,-41011.82044910903,20.1067477009868
1329,86,128917,7,5,0,18185.178369472807,55.151788537755245
1074,93,166018,71,0,2,55286.179326854384,25.342431825364827
1304,93,159006,26,8,2,48274.17874919853,50.33853870411796
60,70,84000,56,0,0,-26731.821174261557,14.790950485253774
1263,70,174114,31,1,2,63382.17845792798,28.378839664061168
92,48,88000,49,1,0,-22731.821559423595,0.3607527678403457
666,92,109519,72,1,0,-1212.8206522016262,24.134715313097765
280,32,63000,87,1,1,-47731.82122582386,-33.95689203939318
1113,97,147301,93,1,2,36569.179704795504,16.52211052743195
359,17,165999,71,9,2,55267.17838580866,-37.87932791367464
1128,62,150619,32,10,2,39887.17843978936,21.2470670196064
1169,14,79806,30,1,1,-30925.822279767395,-17.355697552347408
847,82,109188,38,5,0,-1543.821238239805,34.68478852134201
1521,29,132297,53,8,0,21565.17828885041,-17.802105771623125
110,65,34000,52,4,1,-76731.82125610675,13.010869833997432
42,48,22000,36,14,1,-88731.82163060804,7.789113905811163
125,31,46000,77,1,1,-64731.821377690096,-29.18613281950249
204,62,63000,59,0,1,-47731.8212332781,6.53729411912532
52,31,74000,54,1,1,-36731.82171109834,-16.512114569455342
545,89,107359,26,10,0,-3372.8212773671694,47.17507843805987
68,19,81000,59,0,1,-29731.821808573004,-29.29223722592885
1740,7,129215,69,9,0,18483.178232521157,-44.9724572991278
1547,91,107323,1,7,0,-3408.8216294582817,62.70996331885818
183,29,66000,88,4,1,-44731.821229181936,-37.01563158656575
137,32,85000,73,3,0,-25731.821414565115,-26.25700775180933
899,3,144103,42,8,2,33371.17778426895,-33.36556378017245
796,81,148594,29,3,2,37862.17859649888,38.72138270955407
132,25,41000,34,6,1,-69731.8220299815,-10.299105235411403
80,57,52000,51,0,1,-58731.82141114683,6.851611177238642
1986,4,68094,61,4,1,-42637.82194602734,-42.838170197949545
1540,6,182871,27,8,2,72139.17760220537,-22.668971944199
541,26,52234,30,1,1,-58497.82211428786,-7.285467157042345
1668,99,174275,4,0,2,63543.17845138087,67.48570211877865
983,41,87975,5,9,0,-22756.822217389767,18.956425884154488
165,36,54000,75,5,1,-56731.82131088838,-23.940161819405265
248,37,41000,2,1,1,-69731.82236410175,17.43819754540035
446,89,115996,24,15,0,5264.178730501793,48.259895965257584
1514,21,163509,21,10,2,52777.17773565996,-6.798639680567718
858,64,153607,48,1,2,42875.17862459456,14.01896200904169
1211,93,151468,41,1,2,40736.17891078861,42.03569899998414
97,27,67000,50,0,1,-43731.821827279215,-17.598563353658797
1973,40,168821,36,4,2,58089.178154543246,0.6648681415428985
737,64,125510,6,3,0,14778.1780483787,37.4142467769386
1255,70,56432,23,0,1,-54299.821637812594,33.18958820754532
102,67,98000,59,0,0,-12731.82117449677,10.586243243957057
434,59,169999,38,5,2,59267.17844284899,15.358332045684786
74,59,89000,47,0,0,-21731.82144958404,10.618045681695556
1791,55,106153,62,10,0,-4578.821216604367,-1.0825941095358704
1234,59,158372,98,1,2,47640.17926860179,-17.90037277142375
918,90,89667,69,0,0,-21064.820724766847,24.197849770294447
1711,54,95734,39,8,0,-14997.821570183602,10.880035135900917
1670,92,188984,69,1,2,78252.17928772769,25.548153907469136
1620,16,100939,34,7,0,-9792.822155035044,-17.975437066545588
762,64,93000,67,0,0,-17731.82109942744,3.667141269937247
989,17,109759,96,9,0,-972.821246146661,-51.57384743766436
388,26,117454,8,16,0,6722.177673045226,4.7229957592880005
235,29,62000,34,0,1,-48731.82202728643,-7.040620258241672
1506,9,173233,18,5,2,62501.17749317759,-15.150099339206582
267,78,36000,79,0,1,-74731.82073017955,8.835536835671231
1187,55,71322,54,1,1,-39409.82139161523,3.4624666775429134
117,49,79000,59,0,1,-31731.82140951387,-4.3282710012072005
1606,34,56492,15,8,1,-54239.8221688614,7.683114227394636
673,13,180786,88,1,2,70054.17851018196,-50.69069149954609
249,89,65000,0,0,1,-45731.82171451006,61.73155096963544
1452,43,132701,70,5,0,21969.17869376033,-15.591071213152649
1994,19,54121,89,6,1,-56610.82132994074,-45.8512464925296
94,32,24000,42,0,1,-86731.82186527463,-8.86385893963395
33,18,62000,92,9,1,-48731.82127933177,-48.37135540118614
1463,83,125660,19,10,0,14928.178539297398,46.00994108103817
1667,9,146950,92,6,2,36218.178559569904,-56.12863407685135
448,12,108027,64,13,0,-2704.8217369819904,-37.96952408837322
716,31,53802,32,1,1,-56929.822019734434,-4.240603978313582
1809,15,156339,27,6,2,45607.17771230821,-15.098729273347928
1517,40,156411,70,6,2,45679.178656355536,-18.161330758286017
0,19,15000,39,1,1,-95731.82207108778,-17.985235217941657
1375,78,132983,67,7,0,22251.17913135508,15.190902308802713
1101,70,67874,41,9,1,-42857.82131538853,23.169542971379265
1108,30,139758,46,0,2,29026.178139749594,-13.113261982250066
1226,87,177260,45,14,2,66528.17898170743,34.74913146193009
82,67,120000,41,8,0,9268.178625704182,20.508506445892543
1288,98,51866,81,12,1,-58865.82034772048,24.319627940192238
676,57,87553,94,1,0,-23178.820799401557,-17.120737194561514
1920,46,137973,50,7,2,27241.178463161777,-2.013174941764973
1046,28,146597,31,1,2,35865.17790587645,-6.474861067861671
770,78,54252,29,0,1,-56479.82144565828,36.5224925846658
1946,96,126225,47,7,0,15493.179087411714,41.28471946989454
1280,43,98016,18,9,0,-12715.8220080248,13.374910332173634
1580,55,148875,99,0,2,38143.17922411574,-21.7533931287465
1488,97,94629,17,6,0,-16102.82132692523,58.862866386107065
404,79,166335,45,5,2,55603.17880900629,28.124092240119225
1727,62,185257,58,1,2,74525.17873339422,6.706120209960357
1298,34,76979,46,1,1,-33752.821785725595,-9.586622884810753
1340,23,127971,56,1,0,17239.178199256843,-24.447910343752696
104,49,86000,56,10,0,-24731.821377298984,-2.6810463200833468
688,3,126015,57,0,0,15283.17794052312,-41.63551564808599
1305,45,177368,96,1,2,66636.17904996386,-28.497545155972304
826,4,75853,40,4,1,-34878.82224654879,-31.2099433234222
62,67,50000,52,0,1,-60731.82126360576,14.622255549437076
852,0,121926,41,7,0,11194.177727384333,-35.23678639180778
1353,88,172369,80,6,2,61637.17943295697,16.17151169332315
223,93,93000,37,1,0,-17731.821133341495,44.44012780066341
145,28,26000,97,8,1,-84731.82107507842,-42.71325530123467
1088,10,162076,78,0,2,51344.17832447146,-47.57883635990415
373,48,167232,92,6,2,56500.17907334177,-23.74782304088152
1420,85,149969,78,0,2,39237.17932367383,14.853549104626474
1142,57,143021,3,5,2,32289.177924134623,33.20104802238117
1826,91,134665,66,7,2,23933.179289493502,26.55545624065107
1494,48,157003,45,5,2,46271.17839913844,2.364032492473049
1601,71,152910,90,1,2,42178.17931540735,-3.4609006597343264
1270,23,65641,50,4,1,-45090.82184955743,-20.92008176307084
9,30,98000,72,1,0,-12731.821473500167,-27.40799422792145
449,7,176349,80,8,2,65617.17837109495,-51.22577224985892
708,47,66308,8,0,1,-44423.82215902867,22.347569475968
255,59,85000,49,4,0,-25731.82138967556,9.522776438834777
882,30,59284,38,7,1,-51447.82190298142,-8.41641116870402
389,18,86203,23,13,0,-24528.82223590292,-10.158372374651448
908,16,172601,50,4,2,61869.178034035314,-27.081702704604343
924,70,62901,60,8,1,-47830.821051579456,12.64182655642184
1703,18,53812,32,9,1,-56919.82213132452,-15.051872951386333
1232,41,156014,49,14,2,45282.17843205362,-5.671654734224819
460,47,124072,56,0,0,13340.178511363498,-4.469936367124249
1269,71,74696,41,1,1,-36035.82136474148,23.976154334084065
1759,62,182631,52,5,2,71899.17867916432,10.045652821789428
1168,52,119567,19,5,0,8835.178090503468,20.23730245008435
958,81,111174,48,9,0,442.1789209097624,28.299526191317938
501,68,72352,61,8,1,-38379.82106599174,10.393209620391923
739,88,92914,74,0,0,-17817.820680903198,19.74927477357814
1849,52,133252,55,1,0,22520.17856920627,0.216007666051281
868,57,57337,14,1,1,-53394.82193117065,27.366255187182468
731,8,119780,71,1,0,9048.17821518358,-45.22423335703391
539,84,151340,95,1,2,40608.17955963544,4.584575504131262
1201,89,100155,5,6,0,-10576.82160518979,58.848742581126366
697,31,138612,71,9,2,27880.17857782252,-26.1458395644877
1392,5,112884,43,0,0,2152.1777707538567,-32.16165160541087
1376,72,149092,39,8,2,38360.17865731832,25.68592113878605
1145,13,104512,40,9,0,-6219.822095013325,-23.810922131275
1031,74,147449,16,1,2,36717.17830346408,40.11422969198984
372,28,178265,5,2,2,67533.1775366203,7.852707615407166
667,59,156880,70,0,2,46148.17886285222,-2.3591123282247626
1525,69,143987,87,10,2,33255.17931688679,-3.4276434150640918
357,20,184324,51,13,2,73592.17816764207,-24.34176545357087
967,5,169702,98,5,2,58970.17857917864,-62.8580809728394
783,95,117763,42,1,0,7031.178958965465,43.251212293664565
735,69,120752,27,1,0,10020.17839939364,29.93520360918351
1035,35,165772,51,1,2,55040.17827928858,-11.809900777724948
970,31,188620,30,3,2,77888.17793760423,-3.5561305711632336
1524,99,150782,18,8,2,40050.17871688391,59.79521473315672
1486,63,184830,60,9,2,74098.1788363826,6.433346412388552
1523,28,157383,13,8,2,46651.177700886765,3.482389311142612
1490,94,119189,57,9,0,8457.17921996025,34.09512487784468
1642,78,91213,84,3,0,-19518.820648177192,5.887908948902648
1252,8,186682,86,1,2,75950.17841399592,-53.75915329287324
1693,51,69388,33,3,1,-41343.82172787903,11.794589090291282
1749,33,150823,75,4,2,40091.17862042767,-26.742514968244627
1236,38,145704,82,0,2,34972.17875701835,-26.45284663470001
885,5,78274,65,9,1,-32457.82183983014,-44.25566915808908
79,49,98000,42,1,0,-12731.821647931632,5.045310345162687
1172,82,184481,84,0,2,73749.17936164115,8.919310196650947
814,60,150019,37,1,2,39287.1784157028,16.806446028808686
1285,84,166737,76,0,2,56005.17927825928,15.078399487751152
671,93,93991,49,1,0,-16740.820962801517,37.77827563870443
1531,79,122828,32,0,0,12096.17859531856,35.472920422767324
57,69,8000,46,8,1,-102731.82125207446,19.75198875887215
133,31,45000,71,5,1,-65731.82143227565,-25.851741063425965
1140,72,76888,26,0,1,-33843.821573023,33.12407645430332
933,63,172872,11,0,2,62140.17807294981,33.6567137080539
1684,90,113460,54,1,0,2728.179064226468,32.446490797165964
823,2,122698,100,8,0,11966.178600987723,-66.31361822474204
1214,21,109373,22,4,0,-1358.8222841301758,-7.185179342863229
504,3,183851,10,1,2,73119.17726671882,-15.737923050651776
1774,60,174768,66,9,2,64036.1788840997,0.6400352438433963
347,99,184426,41,9,2,73694.17904445215,46.926766897922256
386,20,151124,18,15,2,40392.17772061,-5.924385964619646
1024,20,146221,25,0,2,35489.17770663771,-9.800151902049588
894,31,144582,89,1,2,33850.17877150365,-36.15653433800905
828,28,81545,36,4,0,-29186.82198581539,-9.042252166758471
1892,6,125591,79,8,0,14859.178354680203,-51.34232100166354
475,28,79968,45,9,1,-30763.82181918529,-14.028967178119707
1470,25,182292,78,7,2,71560.17857286506,-35.16065739894545
1447,60,128205,27,6,0,17473.178316394522,22.42668517350355
1581,6,107117,44,1,0,-3614.822192824082,-31.86592248588939
652,16,189072,86,6,2,78340.17855798986,-47.10899993953264
172,36,79000,10,0,1,-31731.822279506625,12.046519487414775
1149,67,138087,63,1,2,27355.178881297357,8.240396531889495
38,36,9000,26,8,1,-101731.8219753716,3.393284832789828
713,62,92768,75,1,0,-17963.821004470126,-2.434646404002546
90,68,46000,55,0,1,-64731.821206754255,13.802143871607804
1936,14,68009,17,9,1,-42722.82240102533,-10.101046031123714
1205,56,86898,76,0,0,-23833.82107632431,-7.962976955138709
875,97,175996,42,10,2,65264.17904159453,44.73515122155186
1351,88,167112,34,0,2,56380.17873367821,41.710415943640434
1889,19,134644,96,1,2,23912.178713836824,-49.99242367138952
1093,33,67874,55,0,1,-42857.82167659739,-15.384264293791214
1155,89,83953,82,0,0,-26778.82055181793,16.170381847706008
1781,80,106709,93,10,0,-4022.820443419667,2.5119931220760385
1958,73,142502,97,5,2,31770.17947444087,-5.646533371056122
499,41,65723,91,6,1,-45008.82101169645,-28.69544307416288
338,7,123804,28,14,0,13072.17768850342,-22.20238818501805
1188,99,122548,14,2,0,11816.178620279505,62.10124804072819
28,40,18000,31,0,1,-92731.82191419014,3.914308162563586
1217,86,140687,63,1,2,29955.179133189056,24.038683396982883
1399,2,110889,95,1,0,157.17847891747078,-63.50508955633998
1820,23,75961,70,5,1,-34770.82155957665,-32.050107349599315
945,39,58908,37,6,1,-51823.82180518592,-0.3735039207478632
169,32,0,63,2,1,-110731.82154591371,-20.43980201879392
1404,91,53788,57,0,1,-56943.82087438832,31.801927283518975
1197,82,139008,47,1,2,28276.17885273107,29.594598044716957
1253,58,105302,75,0,0,-5429.821068004792,-5.802428000035654
1613,24,64738,67,0,1,-45993.82162474121,-29.520361166252624
912,29,180401,23,7,2,69669.17784379315,-1.30786442068778
491,54,144502,88,3,2,33770.179078188405,-16.466259952620064
953,29,87014,71,11,0,-23717.821422179117,-27.645611891188903
1097,53,107879,3,1,0,-2852.8221519023355,29.98259866458469
1032,47,83043,76,0,0,-27688.821195067605,-15.438081636591138
587,53,86766,2,16,0,-23965.822046861213,30.61125881456744
750,37,149103,3,10,2,38371.17769527409,16.54572848642008
657,94,171677,81,0,2,60945.17948120128,20.607528967767852
234,4,84000,54,9,0,-26731.822010897,-39.001868529152304
732,9,158596,86,1,2,47864.1784334266,-52.83843353867338
1988,54,118944,77,4,0,8212.178934895259,-10.281160932834114
1632,66,99902,54,10,0,-10829.821182913627,12.527451119943027
1156,31,62925,24,1,1,-47806.82213556775,0.169698189275131
1469,78,128642,19,5,0,17910.178433990586,41.83856759232646
1424,7,137354,89,8,2,26622.178507691948,-56.09652261910893
1627,64,130055,46,2,0,19323.17860893019,15.203679523839636
934,30,182162,6,1,2,71430.17756892886,8.948868593895561
1209,60,132486,9,1,0,21754.178021105414,32.39889028112311
1065,80,55792,30,1,1,-54939.8213975471,37.62704090017698
108,68,13000,43,6,1,-97731.82132443172,20.5680034694549
1542,90,182910,86,0,2,72178.17949674337,14.469862110432883
568,2,101451,82,4,0,-9280.821681074056,-56.26023465946809
1167,44,185550,54,0,2,74818.1784295947,-6.050286569499167
1174,16,60044,83,4,1,-50687.82147176387,-45.03731311304288
890,67,94199,71,5,0,-16532.820964691025,3.94188002003126
947,45,135174,39,9,2,24442.17830924664,3.2685141301488816
1048,22,163585,49,9,2,52853.17813971962,-21.504437095219124
1352,87,184639,12,1,2,73907.1784111466,53.03119921471296
1777,34,134882,61,10,2,24150.17848384677,-18.08888216912886
1446,63,126380,90,6,0,15648.17925312878,-10.03005504455222
884,88,171362,90,6,2,60630.179575474525,10.625763017019764
1672,58,87923,19,0,0,-22808.82186106825,25.326540261238183
850,69,186655,32,7,2,75923.17850198832,26.95518056343016
734,38,99964,11,7,0,-10767.822189782964,13.092461687817435
717,17,103739,62,6,0,-6992.821751571217,-32.68984683732856
454,8,60790,38,1,1,-49941.822241494505,-26.726250020070538
264,37,79000,10,1,1,-31731.82225857572,12.87890857238294
75,26,49000,54,0,1,-61731.82177971052,-20.593147928002065
1657,47,69024,3,4,1,-41707.82220019729,25.11531926469049
444,7,70749,86,13,1,-39982.82148221103,-54.218922381287584
395,78,184736,52,13,2,74004.17895245025,23.35348165402275
176,58,29000,15,11,1,-81731.82182102013,27.737551817645688
1042,46,171921,50,1,2,61189.17840987517,-2.123312832329699
1735,92,136531,76,1,2,25799.17939880889,21.82973962345908
1401,99,139685,20,1,2,28953.178694265956,58.71723957506168
1380,21,123904,91,7,0,13172.178717473274,-45.5173524439692
595,52,70302,88,14,1,-40429.82084807778,-17.89036359532658
61,19,50000,55,9,1,-60731.821789919566,-26.97044395252784
1296,18,180956,74,2,2,70224.17838500906,-38.76264872309495
872,43,185900,80,9,2,75168.17885499535,-21.306330099137277
1489,97,167558,99,4,2,56826.179808673565,13.130108307788014
1878,71,91823,74,1,0,-18908.820898906662,5.610527481972277
278,74,78000,12,9,1,-32731.82167711598,42.55711789548578
36,42,14000,17,5,1,-96731.82204773904,13.361641380269036
1975,41,128960,43,9,0,18228.17831437521,-2.2590980351468506
662,3,117638,95,2,0,6906.1784983721445,-62.69403850056857
1953,42,184844,24,6,2,74112.1780221436,8.937706025852869
1444,59,81702,27,6,0,-29029.82168672119,21.74179032073443
977,18,129260,11,1,0,18528.17749220018,-3.6413967761179578
1571,57,81802,29,9,0,-28929.821661927825,18.96924776520037
738,19,101799,49,1,0,-8932.82194777616,-23.808596428198143
191,32,98000,69,8,0,-12731.821436109938,-24.076198044885857
919,56,98980,65,0,0,-11751.821235494031,-1.897350393545162
456,1,187297,7,0,2,76565.17718905758,-15.74844889931164
675,1,92674,59,8,0,-18057.82198915133,-44.29999092828391
760,25,51700,17,4,1,-59031.82228951436,-0.9006850924482581
1807,31,181773,40,8,2,71041.17811961676,-9.08107689194963
1602,1,114556,64,0,0,3824.1780160628696,-47.14738179682292
728,75,145528,61,1,2,34796.17895750943,15.982028570962289
412,65,86509,88,0,0,-24222.82078589598,-7.133173156515771
1098,92,79531,4,1,1,-31200.821613263837,61.962267877863816
825,67,93176,25,4,0,-17555.821626678284,29.46973608413667
1639,32,123246,100,8,0,12514.178999489535,-41.35770790436079
616,55,165501,47,10,2,54769.1785569684,7.053166515873897
114,18,97000,48,0,0,-13731.821981887117,-24.07091947030181
417,36,124614,25,8,0,13882.177985110233,3.582646162412688
1910,32,184408,38,6,2,73676.17808858128,-7.14863524641012
969,98,109061,41,6,0,-1670.8209752810944,46.33172085157653
604,94,85265,68,7,0,-25466.820631379524,28.097619938856734
1918,11,152765,17,8,2,42033.17753293019,-12.865247454030772
89,50,56000,46,0,1,-54731.82157618213,3.789980766447965
848,66,132951,26,4,0,22219.178365564003,27.95716646411105
1519,63,106691,79,9,0,-4040.820876161073,-3.862576485665018
1917,0,73128,74,7,1,-37603.82179236098,-53.39398094657248
753,14,50396,46,0,1,-60335.82205330236,-26.14147279335125
498,95,121725,3,12,0,10993.17848721816,64.88466662310023
1276,95,67227,30,1,1,-43504.82120073745,50.06970879649669
1325,6,76164,83,6,1,-34567.82159287667,-53.4065580320905
11,35,93000,99,4,0,-17731.820998836323,-38.21329348059619
396,87,70419,69,6,1,-40312.82071455775,21.76574699877332
284,33,67000,11,0,1,-43731.82230251428,9.033801844794894
1066,45,73892,45,1,1,-36839.82165311882,0.1291661329894697
1191,93,62590,43,9,1,-48141.82098016335,41.21065557541666
1744,93,74467,33,5,1,-36264.82115563258,46.72016641161503
690,3,127172,68,1,0,16440.17810444058,-47.74253174400472
1752,22,153024,91,10,2,42292.17874732174,-44.77609552783481
1875,30,94480,1,0,0,-16251.822490684484,12.000087660504004
689,13,156951,66,4,2,46219.17822527196,-38.40627899459285
851,62,111859,86,6,0,1127.1791860986705,-8.596493054094392
159,30,86000,73,3,0,-24731.821441358625,-27.924012270307912
895,84,93288,60,10,0,-17443.82085691557,24.19358859118254
1575,55,63683,34,3,1,-47048.82165925188,14.585418823242918
257,79,73000,96,6,1,-37731.82043721875,0.1200976596499288
335,32,112246,30,8,0,1514.1780058145814,-2.4804024067207173
1879,24,173091,24,6,2,62359.17778554134,-5.99972075414452
1039,49,142566,77,1,2,31834.178840360863,-14.516855731350349
515,37,148196,91,0,2,37464.17887125342,-32.28668613572664
1348,83,52590,3,0,1,-58141.82174883074,55.11457882270245
1015,32,100890,60,4,0,-9841.821595383706,-19.09316663568202
768,25,106569,84,1,0,-4162.821371054684,-38.25341258496539
1746,49,91290,44,7,0,-19441.821572143366,3.9595445045649376
761,4,106816,49,7,0,-3915.8221023232472,-36.30047399233451
1246,44,177513,81,1,2,66781.17882319883,-21.00652632794588
1203,1,106841,69,0,0,-3890.821911100968,-49.89745583899709
1467,65,75685,19,7,1,-35046.82171187505,31.191956225449275
1983,52,55395,41,10,1,-55336.82154418847,8.234879209691538
521,9,57272,60,1,1,-53459.82191438358,-38.09085730205462
22,46,42000,5,13,1,-68731.82211032257,23.26326087647868
356,89,115811,87,11,0,5079.17959644107,13.30033571866305
1277,20,161156,88,0,2,50424.17859984387,-44.80564579747426
1312,39,158638,78,2,2,47906.1787258448,-23.441309792070943
1682,83,180887,59,1,2,70155.17902761494,23.63539344466026
340,84,173185,99,3,2,62453.17962706319,2.2968714102266947
431,78,127615,78,10,0,16883.17931198681,9.105451340052277
473,20,130813,92,17,0,20081.178793339568,-46.92133446859838
217,83,35000,99,8,1,-75731.82031778115,1.9041819508034283
911,19,120215,46,7,0,9483.178051367606,-22.1993358523951
1227,44,156823,42,9,2,46091.17833391315,0.7034662281356479
1596,79,178576,51,5,2,67844.17889170715,24.756030906223685
1011,80,125623,62,0,0,14891.179034886443,19.649207621782317
1949,37,102413,38,5,0,-8318.821834690418,-2.7302556097250363
93,40,31000,40,1,1,-79731.82178132258,-1.1203649547542511
1008,8,151648,98,8,2,40916.17864592036,-60.30383314612901
1070,85,117679,18,1,0,6947.178484596472,48.24970148790903
1092,87,141383,3,7,2,30651.1783384016,58.164805036283575
1914,41,56837,4,8,1,-53894.82223245216,19.609299179891718
1308,15,131061,92,0,0,20329.17859690856,-51.08967584065228
696,91,51742,33,8,1,-58989.82115430614,45.12957519091135
1827,95,91352,9,7,0,-19379.82145897753,61.648997905787134
996,17,185843,36,4,2,75111.17784521004,-18.523142496138867
153,38,92000,76,2,0,-18731.821301326243,-22.952758169772505
1099,89,63379,59,12,1,-47352.82078287927,29.003586324853927
1718,95,50223,15,8,1,-60508.821356959445,58.450141908920095
1997,87,90961,14,9,0,-19770.82147875545,52.22133174808656
789,25,66952,79,1,1,-43779.82143353783,-35.35369095086052
580,89,136037,1,5,2,25305.17832239924,60.95440130385512
703,22,114011,40,5,0,3279.1779919213586,-16.355532465719236
1212,8,76561,79,0,1,-34170.82166916876,-49.52720329138552
1295,68,87040,4,9,0,-23691.82187265548,41.976153898897984
1665,2,56782,10,9,1,-53949.8226576264,-16.164354535327067
1260,53,145720,62,12,2,34988.178763453354,-2.87059897909103
487,66,125024,25,0,0,14292.178322494074,28.535251554216217
559,0,151298,89,0,2,40566.17835048208,-61.967800026375976
1141,28,116644,88,6,0,5912.178761740273,-38.00673671043077
1119,78,175179,43,9,2,64447.17879589903,28.375866219162557
801,81,148208,36,5,2,37476.17871147845,34.83928569277812
512,28,62186,29,0,1,-48545.82211176315,-5.098663524002428
633,91,94576,90,0,0,-16155.820413728914,13.361492443731354
1921,95,126791,34,6,0,16059.17888137052,47.66415309210954
1787,4,170403,44,4,2,59671.17778968904,-33.72845106460777
1545,93,93964,80,4,0,-16767.820498743473,20.5780733234604
1150,63,147278,51,0,2,36546.17864773719,11.5419033172065
790,84,153465,11,1,2,42733.17836387342,51.18888969391452
116,63,9000,43,1,1,-101731.82142821136,16.418704676231656
740,91,162465,59,9,2,51733.17919909171,30.35275018632027
1690,31,186334,37,0,2,75602.17801478176,-7.4345587112761695
1081,90,138013,16,8,2,27281.17857163091,53.45807956342667
830,30,109703,61,1,0,-1028.821632586987,-21.34116939798214
119,50,87000,57,1,0,-23731.821418792257,-2.411388686311561
656,30,148236,28,1,2,37504.17788940357,-3.151520424828849
1907,15,142147,78,8,2,31415.178456415684,-43.3524792906735
635,57,70373,10,2,1,-40358.82198329743,29.545080455737107
369,36,87353,25,1,0,-23378.82206024423,3.697179114890794
268,34,8000,76,6,1,-102731.82130552824,-26.01299400830764
655,31,134263,94,1,2,23531.178844909387,-38.89837542300018
935,68,71467,81,5,1,-39264.82080413414,-0.7032602080020993
822,26,180702,21,6,2,69970.17776776219,-2.6952615321167315
866,45,79801,77,0,1,-30930.821206703506,-17.64656764884059
46,50,52000,55,0,1,-58731.82144723964,-1.191411821166268
1373,64,186203,73,10,2,75471.17904199968,0.0477823354969455
1708,89,150187,35,0,2,39455.17876489734,42.04095518738807
991,32,130697,93,1,0,19965.178844747046,-37.50028627403471
876,68,102016,37,0,0,-8715.821475141827,23.613118880898945
773,77,93242,84,0,0,-17489.820684838938,5.048169550704337
1219,62,175534,44,1,2,64802.17853630474,14.50536646190312
1999,90,110610,52,5,0,-121.8209330355312,33.56715863404037
4,31,38000,40,2,1,-72731.82189479668,-8.629321778087787
1003,8,74253,45,1,1,-36478.82214483117,-30.65306814650655
1723,35,52374,73,1,1,-58357.821382853646,-23.65902651947146
263,64,13000,38,3,1,-97731.82147166049,20.013381017159865
1569,41,102543,54,7,0,-8188.821538606586,-8.280337540023057
1830,5,160469,61,8,2,49737.17807762881,-42.29643629788646
443,0,68761,16,1,1,-41970.82266259115,-21.19917161281438
1002,33,158335,45,2,2,47603.178176605696,-10.120403254325236
1077,95,167578,66,0,2,56846.17928193932,29.77580873253472
837,65,174432,8,0,2,63700.17805649422,36.98030412206116
1790,17,125471,48,7,0,14739.178052102625,-24.9895828800974
304,90,117319,21,1,0,6587.178593801349,50.74576709649617
1365,50,117076,45,1,0,6344.178403872429,4.152240249531655
1557,25,100964,96,1,0,-9767.821199071945,-44.894410451387
313,13,64277,9,9,1,-46454.82252733425,-6.48202218147113
149,34,90000,90,6,0,-20731.82112424806,-34.04075540860619
1148,91,51733,96,0,1,-58998.820318979415,10.167587873841374
1213,81,125316,81,0,0,14584.179318605837,9.939127996011171
574,91,60856,23,1,1,-49875.82135210158,50.64641872388636
50,49,88000,52,1,0,-22731.821503447038,-0.4720055416064941
1552,34,100621,3,1,0,-10110.822402775171,14.199038802009955
726,3,67787,1,1,1,-42944.82283596185,-10.376929168404551
833,6,146776,83,1,2,36044.17835346062,-53.63214729339081
1377,36,163845,84,5,2,53113.17879315262,-29.28149335114507
1115,30,126306,44,0,0,15574.17811423249,-11.960944866957552
1166,74,76149,48,9,1,-34582.82116444089,22.586813247339627
470,86,98463,46,10,0,-12268.821030688923,33.60957532425984
971,59,108675,57,4,0,-2056.821281016208,5.008778215297788
653,27,152717,15,1,2,41985.17766357478,1.5521601007673205
399,13,140950,77,15,2,30218.178469377628,-44.45437081747735
511,48,174109,96,0,2,63377.17908289534,-25.99194467664167
320,36,69841,21,10,1,-40890.82204454104,5.976327946477362
19,35,62000,98,0,1,-48731.82103685946,-37.562259457662975
684,54,145679,35,0,2,34947.17830082477,12.937957880822731
35,21,95000,81,3,0,-15731.821449075884,-39.87890603677179
902,75,102904,28,7,0,-7827.821456887264,34.43107414268877
1778,63,77259,11,6,1,-33472.821860275464,33.961815233292995
827,7,119362,58,8,0,8630.17807050576,-38.83794742607246
1853,98,125181,30,0,0,14449.178818804823,52.38177471052574
407,18,103896,36,16,0,-6835.822031855932,-17.426520829497708
920,14,124998,17,1,0,14266.177525361229,-10.28496699080568
537,57,152267,92,9,2,41535.179219132144,-16.21181299365523
758,13,129396,36,6,0,18664.17781969429,-21.671426804255866
1904,94,112426,54,9,0,1694.1791787503462,35.78118690999601
1062,63,131122,40,9,0,20390.17856353568,17.701017666743887
1199,87,122722,10,9,0,11990.178457378512,54.34048731771039
245,28,38000,75,7,1,-72731.82139840076,-30.54401142596961
1416,23,112089,74,7,0,1357.178504726966,-34.38296940335232
1127,8,148450,55,0,2,37718.17797359335,-36.43705379852294
784,34,115184,93,1,0,4452.178874715013,-35.78739661436968
1742,12,89252,31,0,0,-21479.82230182209,-19.604766334758867
489,60,81934,81,1,0,-28797.8209432968,-7.393595342348409
154,47,80000,16,0,1,-30731.822048185717,17.86513408329057
961,91,189357,4,7,2,78625.17839528745,60.7859201345853
853,11,143047,42,1,2,32315.17783729438,-26.71012720974612
1311,35,144485,15,0,2,33753.17776403099,8.233090656341979
625,78,83599,12,1,0,-27132.82168633926,45.86336025669893
685,96,136265,49,12,2,25533.17915189269,40.14552820472715
1561,86,129914,92,1,0,19182.179548207583,7.98083978672889
569,91,189974,37,8,2,79242.17887237709,42.4729599091461
1908,4,180324,41,9,2,69592.17778304743,-32.09279985957798
17,20,89000,66,1,0,-21731.821689783843,-32.36939413026501
127,40,4000,95,0,1,-106731.82100042528,-31.5545964079788
1346,13,175267,81,1,2,64535.17841178103,-46.78898958350257
1279,67,161646,36,0,2,50914.178484298085,23.14756103634423
1968,76,124034,88,10,0,13302.1794284926,1.903997910600612
927,25,81367,87,0,1,-29364.821330496547,-39.83887987687389
980,39,140099,51,0,2,29367.178330410126,-8.401513467828154
1964,61,182176,96,9,2,71444.17932265857,-15.19826228505457
190,34,92000,23,5,0,-18731.82208572085,3.1303011418617803
1139,43,140876,90,0,2,30144.17893834916,-26.7171209715026
992,39,115916,24,13,0,5184.1780508628,6.663142073693024
1955,11,181026,39,6,2,70294.17782451559,-25.16318580219778
1656,5,64484,10,0,1,-46247.82268824058,-13.697150225655015
606,15,99421,72,8,0,-11310.8216196172,-39.88803481556256
180,37,59000,32,7,1,-51731.821895285946,0.73729623370836
301,31,95851,16,5,0,-14880.82222603346,4.506614032449853
496,83,93351,65,1,0,-17380.82086785976,20.582792851491316
1720,41,155881,22,0,2,45149.17794087078,9.304336258576916
1709,45,129455,14,0,0,18723.17788596268,17.154717924197264
1887,77,124995,66,0,0,14263.179052080566,14.935855865729753
1991,97,129444,96,5,0,18712.17978196466,14.915759131571026
517,78,59971,94,14,1,-50760.82041496757,0.4428972007203207
1984,2,153622,51,6,2,42890.177881679934,-39.222555560635385
1069,45,152226,87,4,2,41494.1789503262,-23.42261256969507
476,32,104824,42,0,0,-5907.821882953402,-9.11939677809858
157,30,87000,78,3,0,-23731.82137042872,-30.701640161118856
1243,20,101941,18,1,0,-8790.822375641423,-5.77543330930284
1195,59,119833,38,1,0,9101.17842324778,15.51506915743228
16,35,29000,35,9,1,-81731.82185732255,-2.4954413201558463
1535,60,99222,48,1,0,-11509.82141665928,10.863223052983702
1072,79,66051,75,1,1,-44680.820772740655,11.792487925279731
1971,45,140263,88,10,2,29531.17901303372,-23.93687697473973
546,99,164781,83,0,2,54049.17957760603,23.679152418999397
1539,92,166163,87,8,2,55431.1796023591,15.63550124673916
658,31,189446,38,1,2,78714.17803597433,-7.998823382584881
1625,78,130706,72,3,0,19974.1791724277,12.4217645522602
1019,99,145777,94,1,2,35045.17974593336,17.63587850809113
1662,67,172407,60,9,2,61675.178892249474,9.800309409723203
1504,86,117203,83,10,0,6471.179491712013,13.019275731623026
959,87,64461,63,4,1,-46270.82081391996,25.113008326713405
1881,97,156812,77,0,2,46080.17946739597,25.369864289733187
283,63,74000,20,1,1,-36731.82176971265,28.975741583816287
797,33,61986,77,0,1,-48745.82136225548,-27.573299876838988
1626,8,74407,100,0,1,-36324.82136987332,-61.17315125846698
225,78,23000,8,1,1,-87731.82173000326,48.27452655037247
26,45,68000,32,9,1,-42731.82177566837,7.36514806428773
1770,66,183339,39,7,2,72607.17856245957,20.58564760408068
437,76,136259,14,0,2,25527.1782963835,42.92277034302573
1948,91,142602,64,7,2,31870.17925929796,27.64014865502653
1388,13,140673,49,6,2,29941.17800221412,-28.920693026000738
229,15,94000,30,7,0,-16731.82222372356,-16.56584676631886
37,30,62000,73,1,1,-48731.82145139611,-27.849067789944627
749,80,127335,97,6,0,16603.179578413605,0.2253371611305308
1045,40,172378,39,5,2,61646.17820409793,-1.0105899606958957
1398,16,84003,68,9,0,-26728.821652232786,-36.78732630269922
469,13,182410,22,11,2,71678.17764709986,-14.068195210905651
1692,83,89819,59,4,0,-20912.82092953501,23.92472227071068
1967,84,115580,73,8,0,4848.1793079078925,16.90856139827864
687,52,109425,46,0,0,-1306.82156129308,5.284912053499976
1843,54,58999,22,7,1,-51732.8218116974,20.42889617622999
639,61,143180,58,0,2,32448.17872166689,6.006764204635331
1712,33,76654,48,4,1,-34077.82174755189,-11.52590030543834
1218,1,182927,55,1,2,72195.17788068391,-42.36904063550129
1158,3,188557,4,9,2,77825.17724145926,-12.41970109589345
1415,54,79925,30,0,1,-30806.82175594139,15.920315767574714
1527,73,104826,36,5,0,-5905.821385331656,28.32107329360972
1655,96,92100,23,9,0,-18631.82123135052,54.71098427317552
1300,61,146350,43,1,2,35618.17851517108,14.32060810246913
1822,81,105255,54,8,0,-5476.821000060707,24.98841291029512
800,61,140516,50,0,2,29784.17860841175,10.45433283394312
1603,0,143455,62,1,2,32723.17797563842,-46.96041783106537
160,56,9000,35,1,1,-101731.8216350609,15.034400636802474
956,55,90558,49,8,0,-20173.821413466765,6.179388841698035
1186,88,168437,81,2,2,57705.17941747268,15.627179466937648
821,0,116759,28,7,0,6027.177543528029,-28.006837899858745
1681,52,165573,59,0,2,54841.17861141203,-2.106220920072902
877,16,77902,67,1,1,-32829.82172627619,-36.21688501861175
913,40,113739,93,5,0,3007.178985329476,-30.78942881823099
152,44,17000,20,0,1,-93731.82201734888,13.348981254050775
1870,68,110195,47,9,0,-536.8212658418779,18.04253610712541
1776,77,117920,4,10,0,7188.17824782012,49.36628243015526
509,17,167060,47,1,2,56328.17798291493,-24.56898575212828
1135,57,73845,52,1,1,-36886.821394051774,6.228119168406948
1250,75,114213,33,9,0,3481.1786270747834,31.62178802988357
1683,83,142720,86,0,2,31988.17941252247,8.773479129530756
103,26,52000,55,0,1,-58731.821766136985,-21.157526148296554
1445,25,173043,3,8,2,62311.17751530197,6.48604592328164
1443,31,161211,10,9,2,50479.17770486599,7.631198169990881
586,9,168269,75,10,2,57537.17834357545,-46.76098165114855
1768,82,111077,55,9,0,345.17903382648365,25.247501576362595
1143,86,145679,91,9,2,34947.179591677705,8.489630733815986
53,59,68000,60,0,1,-42731.8212600042,3.470828292130765
151,39,41000,88,0,1,-69731.82112141383,-28.61924645466925
403,13,178989,46,14,2,68257.17801229219,-27.373414133152977
1942,55,66728,50,10,1,-44003.821378737615,5.700773212320534
207,46,93000,12,2,0,-17731.822105948493,19.212619395903747
1894,39,61298,91,0,1,-49433.82108316445,-30.348101526556537
1122,13,64572,71,1,1,-46159.82170630375,-40.89007739596272
1890,1,130089,67,0,0,19357.17805535451,-48.86117156879578
8,64,97000,3,0,0,-13731.822011005002,39.16766241952356
1014,76,166245,13,7,2,55513.17832909952,43.38613169838339
1906,68,53552,97,7,1,-57179.82055725288,-9.523975742603744
1060,53,67916,82,0,1,-42815.82102665614,-13.728086135176678
452,64,156777,20,7,2,46045.1782713299,29.54875638578787
253,86,72000,13,7,1,-38731.821517412216,52.00331645055383
1327,42,53392,89,6,1,-57339.82102417134,-26.714748747084105
896,93,88192,3,10,0,-22539.82154730892,63.32590832767189
1733,79,57039,34,2,1,-53692.82134654481,34.57207155081893
880,29,62475,24,6,1,-48256.822123826496,-1.4903836519067504
1595,74,164976,89,0,2,54244.17933075706,-0.4488593412071964
1888,73,180437,50,1,2,69705.17876677195,20.31164110697808
623,79,86235,52,0,0,-24496.82111208282,24.490750038836552
345,78,126599,84,0,0,15867.179321152216,5.774627558284614
1702,69,85401,10,4,0,-25330.82181184881,39.48155953365717
262,32,31000,24,2,1,-79731.82210765383,1.1030232028410314
1634,73,97455,55,6,0,-13276.821105711017,17.801873843649165
1321,28,178285,91,4,2,67553.17877565956,-39.867239514401504
1438,9,130186,88,9,0,19454.17852924837,-53.85465609340367
150,43,30000,17,0,1,-80731.82207616896,14.14063801074051
472,97,104582,50,8,0,-6149.8208442342,40.52085657714353
640,59,174890,14,3,2,64158.17808497863,28.65937098548373
1982,33,137094,68,4,2,26362.178523822546,-22.814855840806047
1882,68,51468,48,0,1,-59263.82130755838,17.669108652255765
550,16,58127,65,0,1,-52604.82175805375,-35.04504439506083
1779,38,170019,38,7,2,59287.17817909646,-2.1111459143701783
928,95,118575,10,1,0,7843.178503436546,61.00522891804814
488,57,136242,34,9,2,25510.17839731308,16.02266087597869
1811,35,145654,22,6,2,34922.17790924452,4.34794788020897
1171,80,90142,50,1,0,-20589.82112046596,26.42057301953488
146,48,52000,36,9,1,-58731.82167538759,7.691925895324051
1704,13,60771,50,1,1,-49960.82200429666,-29.225301756060603
1928,70,76892,64,5,1,-33839.821020651376,10.376615850343043
402,54,186359,95,13,2,75627.17924507623,-20.47817364688273
954,25,111379,93,0,0,647.178748317252,-43.26312703338839
1877,16,150193,83,2,2,39461.17849323066,-45.3232687208081
659,49,106633,53,0,0,-4098.82150093645,-1.0862776145914168
1372,81,108759,60,7,0,-1972.8209230922805,21.64750732683919
463,16,91358,11,1,0,-19373.82252608423,-5.185406478819858
1349,33,170959,75,0,2,60227.178585449205,-26.808048730491745
186,54,14000,24,1,1,-96731.82181925637,19.45857519908073
1147,89,122707,64,2,0,11975.179198857266,26.036868705084903
1224,62,139588,66,0,2,28856.178849577787,2.4108963374745205
608,12,118041,77,9,0,7309.178415240036,-45.21666775486912
143,32,85000,87,1,0,-25731.82123063595,-34.026448513289814
751,87,167705,31,0,2,56973.17867757191,42.54129938994998
1534,41,91715,99,0,0,-19016.82094940501,-33.21957278709074
981,23,67535,97,7,1,-43196.821158243896,-47.00464956845016
197,32,4000,74,1,1,-106731.82139790517,-26.55674201747697
1633,1,165711,50,1,2,54979.17781330098,-39.54014330011272
883,13,141580,92,0,2,30848.17856803295,-52.786776180742784
279,68,48000,73,3,1,-62731.82092812604,3.809145081348628
293,48,50000,36,6,1,-60731.82169788069,7.696846247119634
1823,42,51860,4,4,1,-58871.82224865021,20.455085562894705
400,55,82285,35,16,0,-28446.821549725253,13.97779192704796
122,40,97000,58,9,0,-13731.821478475598,-11.313371577539218
1207,26,146028,33,0,2,35296.177900242095,-9.24715909294195
202,16,60000,0,6,1,-50731.82263753468,1.019900775495838
1462,96,105968,65,4,0,-4763.820674952876,31.35928377158704
835,51,117620,60,7,0,6888.178676347859,-3.338151032764504
246,23,0,96,1,1,-110731.82120356272,-46.23903968332209
1439,49,176954,57,5,2,66222.17857881865,-3.5258432730561218
1753,8,116858,67,5,0,6126.178189477869,-42.99355138762776
1901,20,131810,16,5,0,21078.177619939903,-4.758211757402252
1707,69,79806,73,0,1,-30925.82094472619,4.539103856325411
1880,57,102692,94,0,0,-8039.820810356454,-17.169069188247185
1153,89,151176,55,1,2,40444.17905691909,30.94043103076548
1661,35,164435,26,1,2,53703.17792383782,2.0666575234259934
1426,12,63334,99,0,1,-47397.82132853147,-57.25556325272195
384,79,143560,83,1,2,32828.17932414348,7.10828501011768
1758,61,139520,39,8,2,28788.17851325075,16.565048794978846
854,22,131748,23,1,0,21016.17771556225,-6.980296218771433
1589,58,102205,24,1,0,-8526.82178540001,22.507386884812163
219,59,76000,61,9,1,-34731.82117873264,2.894850674353913
641,66,121377,19,7,0,10645.178291418066,31.879415182778864
1,21,35000,81,3,1,-75731.82143595198,-39.68920656250823
112,38,71000,42,1,1,-39731.82178818717,-4.020460624686766
698,8,158123,84,1,2,47391.17839178321,-52.55907301161907
1915,18,134752,47,6,2,24020.17804148671,-23.632579204900733
951,54,51166,24,0,1,-59565.82183502925,19.34060136673501
1648,41,118621,7,0,0,7889.177735574776,17.745538330814252
1636,1,141307,17,1,2,30575.177349057863,-21.151509063430662
1885,68,129971,61,8,0,19239.178921405168,10.211038053598724
1410,38,120825,24,9,0,10093.178005927575,5.813829446059
1409,12,98532,52,0,0,-12199.822005027629,-31.28686469831916
1533,39,152566,11,1,2,41834.17776613755,13.75526766100127
1291,94,69383,25,0,1,-41348.821293288594,52.00496940999319
1808,92,171794,65,6,2,61062.179272786365,27.82441406652624
441,3,133602,47,1,0,22870.177804209816,-36.110103026122445
1520,26,144832,42,5,2,34100.17806678888,-14.235078695964758
1136,92,89531,42,6,0,-21200.82103650387,40.84704620208542
1715,5,142351,97,0,2,31619.17853271385,-62.21905149427039
1256,49,136467,72,3,2,25735.178785833297,-11.722171237542774
1863,22,88729,81,1,0,-22002.821449703857,-39.02809315909839
1631,53,57248,66,5,1,-53483.82121378077,-4.813727349996311
1695,18,149915,94,14,2,39183.178768115526,-49.75676077565811
1397,61,99980,94,10,0,-10751.820680178498,-13.828132504111425
663,91,159537,37,4,2,48805.17884846052,42.56732067209783
1835,19,151382,38,1,2,40650.17788485144,-17.861535199677224
1257,60,189945,20,0,2,79213.17815742083,26.11293121252912
1773,49,122556,74,9,0,11824.178863196665,-12.78516997957099
1700,8,53306,98,0,1,-57425.82139371731,-59.996650621863765
317,45,183217,91,7,2,72485.17902339695,-25.738765532122144
648,66,178627,94,1,2,67895.1793002642,-9.921389153872314
1434,12,84885,24,6,0,-25846.82235461389,-15.70390072059481
1479,95,70174,6,10,1,-40557.82147410387,63.3820382006435
709,4,141336,93,2,2,30604.178478016605,-60.82725554612715
1382,73,173466,57,10,2,62734.178936696495,16.453637190200023
1282,2,175208,43,8,2,64476.17777840761,-34.85072182616699
972,80,177601,34,0,2,66869.17862508484,35.0218818715045
627,35,92227,8,0,0,-18504.822324146637,12.282565301178902
632,32,118280,92,0,0,7548.178825589784,-36.906602375925615
1306,83,187643,3,1,2,76911.1782292724,54.68805509241158
1400,52,82478,95,10,0,-28253.82078170702,-21.81498328672391
1408,62,106982,53,1,0,-3749.8213206332,9.728065215333247
1248,0,143082,63,0,2,32350.177982306224,-47.514599433919415
1952,58,149237,80,8,2,38505.179054682056,-8.712060435603163
1254,5,133400,47,0,0,22668.17782318525,-34.44608916530264
1496,97,172747,76,7,2,62015.17950318538,25.877650100305463
1371,2,111618,99,6,0,886.1785738945182,-65.72462911792219
1529,42,152547,56,7,2,41815.1784922028,-8.716298144739838
1663,9,84781,14,1,0,-25950.822574968188,-12.652742006606267
1354,43,124256,67,1,0,13524.178622344232,-13.901561891090392
1925,0,105935,46,4,0,-4796.822220899863,-37.96209751717839
1900,40,54631,70,0,1,-56100.82136724309,-17.842343144803337
1643,83,166650,99,1,2,55918.17959991816,1.4846761049926585
1848,75,61393,65,7,1,-49338.82092130754,14.03126760044952
795,91,172915,29,9,2,62183.17876991411,46.96650825865869
645,76,187141,33,0,2,76409.17855561886,32.21892718048952
1012,85,104054,22,8,0,-6677.821401999769,46.07647967322861
1839,68,85540,49,9,0,-25191.821231989583,17.01070028959559
556,84,117612,63,0,0,6880.179104017996,22.447328137861483
681,86,172477,69,1,2,61745.17921161396,20.608814812714375
577,22,162598,84,8,2,51866.17863033249,-40.92304782388443
1109,96,91226,56,0,0,-19505.820830369998,36.39806153296112
1266,24,86119,44,1,0,-24612.821949058158,-16.82494824786523
1722,44,182748,58,1,2,72016.17849477002,-8.260532935705237
1183,62,73419,14,0,1,-37312.821875894864,31.47454890157843
524,44,186116,2,8,2,75384.17775067317,22.806113991723635
1059,34,139009,24,0,2,28277.177880008938,2.4244432454975424
540,56,162921,51,0,2,52189.17855130384,5.668995490528413
1194,10,143313,57,4,2,32581.1780603253,-35.86488537575224
1678,67,89366,55,9,0,-21365.821160735475,12.837322876668429
748,41,111174,28,4,0,442.1780666020495,6.118195637705011
1851,5,145563,60,9,2,34831.178074303,-41.6939477239112
1430,54,119223,58,10,0,8491.178710330496,0.263734577681868
484,69,112838,34,1,0,2106.1785007327853,26.075972243769705
1757,0,108169,24,10,0,-2562.8224885814125,-25.758703308121564
95,24,80000,52,10,1,-30731.82176509024,-21.240539143759136
1020,41,119259,91,1,0,8527.178938375946,-28.86704386508778
563,34,58979,3,9,1,-51752.822332518605,14.33443779783321
1264,53,144489,10,14,2,33757.17803906376,25.98867715335956
742,43,53832,56,4,1,-56899.82149584827,-7.573676618423823
863,0,141351,10,0,2,30619.177228509245,-18.099784535277443
1598,80,112146,24,0,0,1414.1784971046145,40.777760655449626
1714,26,176147,19,0,2,65415.17769443791,-1.5738796152260033
1484,59,113389,79,4,0,2657.1790310067154,-7.213777264852354
891,58,135705,48,8,2,24973.1786022906,9.087307009761023
1577,82,121610,36,0,0,10878.178692366057,35.75296262666093
1038,37,99872,53,11,0,-10859.821574827554,-11.04281460768323
206,19,55000,61,0,1,-55731.82177442652,-30.319820613577264
392,21,119116,30,17,0,8384.177926942299,-11.649049837752342
794,0,147719,86,1,2,36987.17831621925,-60.29133705832116
870,63,122658,65,6,0,11926.17889819968,3.8540438107006967
397,8,119104,41,14,0,8372.17788780533,-28.56921916812735
766,58,156366,60,8,2,45634.17876852813,2.363265036822634
1841,52,148901,77,4,2,38169.17890176794,-12.03971757927019
1241,29,170669,78,9,2,59937.17864384397,-31.795288418592182
1028,60,167420,38,5,2,56688.178456700494,16.198407391717307
1792,14,124785,28,7,0,14053.177727795948,-16.38531334204006
642,26,154857,13,0,2,44125.17761371634,1.8227915610463812
1891,71,149318,27,4,2,38586.17844265068,31.51013351409401
612,74,101352,36,0,0,-9379.821409501994,29.161640050111345
1762,13,61917,16,7,1,-48814.82244249698,-10.359748704228071
960,12,109618,97,7,0,-1113.821313610053,-56.28883735130877
1570,94,139417,13,1,2,28685.17852827953,58.44273247396375
725,20,59844,79,0,1,-50887.82150606356,-39.49129269263264
683,29,112240,95,0,0,1508.178829737939,-41.0479499928183
98,48,58000,42,1,1,-52731.82165246977,4.339855231041302
804,67,121528,92,8,0,10796.179351086104,-7.795880143032209
1751,14,60175,60,9,1,-50556.82178743346,-33.93668720609706
1597,42,72415,52,0,1,-38316.82160069335,-6.24664876991727
406,51,66852,73,15,1,-43879.821066412944,-10.3875109524628
502,4,53097,21,0,1,-57634.82254251026,-20.59689556978921
1071,23,146473,87,1,2,35741.17863633143,-41.7080979823204
1056,47,65207,81,1,1,-45524.821112374135,-18.15568888444388
929,12,82382,97,1,0,-28349.82135351381,-56.20553236465113
779,84,125016,25,1,0,14284.178569312351,43.51033024749824
200,21,40000,10,0,1,-70731.82247028693,-0.308997308770337
134,20,89000,5,1,0,-21731.82255779728,1.479093911194946
1051,17,116822,84,1,0,6090.178520403555,-44.94120050583589
40,65,25000,35,4,1,-85731.82149604356,22.47250994701924
1017,85,134282,39,2,2,23550.17878743267,36.54491795818594
230,6,93000,53,8,0,-17731.82200816406,-36.812054997787406
1513,86,98344,25,6,0,-12387.821360061263,45.26083912107372
1796,67,78489,81,7,1,-32242.820803670416,-1.5564474907617054
378,82,180288,77,2,2,69556.17927823725,12.817755063655364
288,21,5000,91,0,1,-105731.82131002333,-45.14469225520276
418,78,166492,40,9,2,55760.178755109984,30.068011281121947
1698,9,124125,91,1,0,13393.178512115148,-55.50391426195761
391,1,89144,1,12,0,-21587.822783129377,-12.103151355481122
592,75,178416,16,10,2,67684.17837876969,40.8524529540012
1522,7,170345,3,9,2,59613.17728436261,-8.479542014368958
1162,18,183071,29,7,2,72339.17778242624,-13.79680126004842
1086,93,63261,13,1,1,-47470.821468350136,57.85159026303359
1495,53,117123,23,9,0,6391.178191818428,18.8592486046588
647,77,160351,77,8,2,49619.17926202229,8.72398781383616
1152,87,129972,97,1,0,19240.17963263094,6.038111607960989
1367,31,149379,100,0,2,38647.17891933789,-42.27599417804191
520,41,161896,49,1,2,51164.17833140129,-5.696331116742321
1862,17,150778,35,1,2,40046.177815719566,-17.85878867915323
64,63,63000,51,7,1,-47731.82128032392,11.811635104770373
1836,91,156574,96,0,2,45842.17965808854,9.836116497486945
14,37,19000,13,0,1,-91731.82221040616,11.403460652231502
1180,40,179150,91,5,2,68418.17894256258,-29.886449530252595
1064,23,122712,21,1,0,11980.177702366664,-5.010019554487623
492,90,63769,6,4,1,-46962.82158500096,59.23987554000925
379,73,165734,51,0,2,55002.178776574176,19.80276606189398
187,28,44000,68,5,1,-66731.82151460828,-26.679663956668925
763,84,144148,71,1,2,33416.17921969507,17.9247520657311
216,79,20000,40,6,1,-90731.82122249076,31.36168733713614
791,1,178214,17,1,2,67482.17734098513,-21.26819637170808
1076,44,73760,70,1,1,-36971.82131063413,-14.57466912299702
878,15,81138,86,9,1,-29593.82140875841,-47.59826802156383
337,68,76529,62,0,1,-34202.82111382381,9.821368891375432
1772,54,184815,50,6,2,74083.17855157156,4.493630466383163
719,37,145648,21,7,2,34916.17792923437,6.567170612002965
1748,27,170166,18,10,2,59434.17777123902,-0.1634785157107572
295,66,69000,43,9,1,-41731.82134032491,18.728510730227924
1725,52,163612,51,0,2,52880.17849800314,2.339125063728103
1016,99,55972,83,1,1,-54759.82039095046,24.023636908589523
1275,11,166361,59,6,2,55629.17811231784,-36.21468502065608
1750,79,95839,30,7,0,-14892.821373732906,36.67131048380907
1485,30,111690,73,10,0,958.1786065268096,-28.001961679174293
455,15,181332,99,14,2,70600.17879253009,-55.12632110583825
1996,91,73158,32,7,1,-37573.82118086373,45.61629071714111
815,81,53452,73,1,1,-57279.82077186955,14.605951006973992
1886,69,104160,77,4,0,-6571.820862560169,2.244402472080853
269,52,88000,39,1,0,-22731.82164857133,9.237370954841833
995,65,56583,65,2,1,-54148.82109134692,5.7249225986433565
201,34,85000,16,9,0,-25731.82215322375,7.038556091945974
161,29,50000,83,1,1,-60731.82131976143,-34.19198179120212
1579,96,124550,46,0,0,13818.17902004371,41.84163491076824
729,36,173807,42,0,2,63075.178155107424,-6.009811704128919
401,50,91389,92,11,0,-19342.8208452766,-21.841852286489143
702,41,113998,26,7,0,3266.1780604554515,7.22045657295882
1500,40,67768,15,10,1,-42963.82207631643,12.63992726398941
1845,20,113217,41,9,0,2485.1780103240744,-18.56988759783438
1795,70,57596,96,4,1,-53135.820568722935,-7.319428344006803
1129,52,100261,10,1,0,-10470.82206391533,25.29051001813409
565,54,104854,67,1,0,-5877.82122725065,-4.689083671161317
1413,43,129782,31,1,0,19050.178108865293,6.057123664257123
1021,1,150174,59,2,2,39442.17795241048,-44.48459218581289
1025,33,84238,31,1,0,-26493.822014046687,-2.1180960911161737
1411,51,58006,83,1,1,-52725.82102919003,-15.915022557848582
1895,75,132993,55,8,0,22261.178928377514,19.35429301497918
1585,72,143169,58,0,2,32437.17886783057,15.157934716140325
1104,96,64713,84,2,1,-46018.82041085131,20.945810974045717
205,63,10000,52,8,1,-100731.82124685789,11.424777381792936
34,49,91000,14,1,0,-19731.82204483291,20.604452854770138
775,64,71305,39,9,1,-39426.82142432279,19.276953234489344
508,70,104974,63,1,0,-5757.821071597587,10.840852800968932
1451,97,125731,41,6,0,14999.179007785264,45.44709458401319
1478,72,63128,45,8,1,-47603.82123850026,22.6283504193914
1970,55,107099,89,4,0,-3632.8208784697354,-16.070508623635217
1390,77,147306,50,6,2,36574.17886538591,23.746413989552217
91,18,36000,41,1,1,-74731.82206050906,-19.99333795739362
1363,44,131091,62,4,0,20359.178585918504,-10.315381195650067
897,18,62362,81,7,1,-48369.821451225005,-42.26960951829524
564,51,141416,100,15,2,30684.17930148021,-25.60537447014132
1369,97,148493,42,4,2,37761.17900174917,44.81930037086997
776,19,85975,73,0,0,-24756.821610445,-37.07647192614155
241,65,79000,17,0,1,-31731.82179456424,32.28798823996137
13,24,91000,77,1,0,-19731.82148054473,-35.15185743727982
315,72,93921,93,9,0,-16810.820554565173,-4.103414693690411
600,41,76567,85,16,1,-34164.821023011566,-25.39569206627958
387,25,67447,5,15,1,-43284.82237963674,5.713391440888735
1297,83,115517,82,0,0,4785.179361553688,11.079058695829186
166,42,79000,20,9,1,-31731.821988693337,11.493324495423852
840,76,90082,49,1,0,-20649.8211878321,23.647970244402067
20,35,96000,35,12,0,-14731.821849047004,-2.705869435736954
646,57,97468,22,0,0,-13263.82183375425,22.79976106649973
1842,81,152602,91,0,2,41870.17945493481,4.303926532618799
1508,19,179269,93,6,2,68537.17869960435,-48.46649464227377
1154,34,74358,60,0,1,-36373.82159357963,-17.347309286252756
1528,4,181471,59,10,2,70739.17804657517,-42.084037064986845
831,38,166697,39,13,2,55965.17823991392,-2.652730205366693
1267,5,100056,49,1,0,-10675.822133418362,-35.44998568263012
1590,21,52326,69,0,1,-58405.82163342903,-33.08666945239722
1899,40,51199,29,7,1,-59532.82189640664,4.92240435765574
562,0,142892,25,8,2,32160.17750276628,-26.424314111459235
1951,1,57522,75,10,1,-53209.82173849977,-53.06620896558754
686,58,74869,12,0,1,-35862.82195782104,29.252065269591306
957,12,187343,14,6,2,76611.17748067804,-10.478905400349964
189,36,95000,85,4,0,-15731.8211852026,-29.61918991396953
1806,79,123064,41,10,0,12332.178799769696,30.482811598980767
975,59,97185,87,0,0,-13546.820882185217,-11.603562351504324
699,64,164675,65,0,2,53943.17885643552,4.550315932802523
1499,72,166043,93,7,2,55311.179414372426,-4.332375094413154
1705,69,56398,75,8,1,-54333.820849998505,3.5070666887573463
510,31,69018,17,6,1,-41713.822198290974,4.037025207088174
1082,79,148286,77,0,2,37554.17923008787,10.422234839678328
474,11,59202,92,5,1,-51529.82140230556,-54.18782971313358
1584,27,101948,31,0,0,-8783.822105288273,-7.166085289056608
856,85,142723,46,0,2,31991.178869907453,32.63304236840365
747,54,176885,10,0,2,66153.17793825586,26.71162634879101
252,78,3000,14,5,1,-107731.82160967618,45.01027084765673
21,25,4000,73,3,1,-106731.82148985958,-31.82436347363319
1337,3,60933,30,8,1,-49798.82236829592,-26.443889733288387
459,5,69443,28,4,1,-41288.82240261608,-23.699036706982227
1184,12,138425,78,11,2,27693.178440298187,-45.83507292683144
276,16,9000,88,7,1,-101731.82136651973,-47.64899271586441
955,5,83704,82,1,0,-27027.821660260623,-53.70976338976074
1215,96,135042,12,0,2,24310.17853393801,60.674833179799926
385,83,131574,97,1,0,20842.17957913096,2.7053609108097643
805,30,189369,69,0,2,78637.17845618183,-26.032659663915037
1437,21,159572,42,5,2,48840.177997127816,-18.44128868496098
1515,15,116204,16,8,0,5472.1775798470335,-8.867075111618577
343,90,149840,61,1,2,39108.17915587709,28.447216956534987
769,28,173009,25,9,2,62277.17787586912,-3.225266059576091
1332,82,82060,46,7,0,-28671.82110318118,30.33234731366401
1685,87,110434,20,7,0,-297.8214129234693,48.82946999488433
130,47,66000,9,9,1,-44731.82207593988,21.79785891206085
1687,81,101073,67,0,0,-9658.820875307649,17.784281520725713
871,62,151836,13,0,2,41104.17809272313,31.78151442027098
1123,85,92591,99,8,0,-18140.820303803357,3.3859417710257365
1396,20,92048,91,1,0,-18683.82133470732,-46.25136202809036
87,22,55000,55,5,1,-55731.821781725135,-24.49235856984278
1482,17,149727,78,7,2,38995.17847368893,-41.71306945166568
330,24,165846,33,0,2,55114.17786933249,-10.973659689885396
1238,25,88064,73,1,0,-22667.82152353406,-32.09108039305019
466,0,186002,80,15,2,75270.17832947645,-57.07646816299222
121,38,50000,40,1,1,-60731.82181205326,-2.8442793155318995
1638,90,68138,18,2,1,-42593.8214304869,52.56640798830711
1044,75,94129,27,6,0,-16602.82147684114,35.013243282710064
1724,34,86154,17,1,0,-24577.822200394585,6.476273054774456
1095,53,135341,56,10,2,24609.17866505813,0.4906400384443969
1130,36,109895,56,5,0,-836.8215934792388,-13.573911002926389
1294,40,116001,55,1,0,5269.178413530957,-9.712507737005184
860,83,174159,22,4,2,63427.1785255172,44.1891181665627
1459,71,85908,85,5,0,-24823.820710511776,-0.4727264052333915
1126,74,56848,41,5,1,-53883.82129040132,26.53021851393721
